Compound,Response,Group
1,0.028364414,A (1)
2,0.005442768,A (1)
3,0.005542696,A (1)
4,0.002660282,A (1)
5,0.004832656,A (1)
6,0.003432373,A (1)
7,0.004228164,A (1)
8,0.004176025,A (1)
9,0.076721197,A (1)
10,0.012844508,A (1)
11,0.018774625,A (1)
12,0.012935971,A (1)
13,0.123274716,A (1)
14,0.021304394,A (1)
15,0.007925883,A (1)
16,0.015885204,A (1)
17,0,A (1)
18,0.001278376,A (1)
19,0.006082722,A (1)
20,0.381305309,A (1)
21,0.00114359,A (1)
22,0.002019687,A (1)
23,0.008120995,A (1)
24,0,A (1)
25,0.000936248,A (1)
26,0.00125792,A (1)
27,0.002390372,A (1)
28,0,A (1)
29,0.005837976,A (1)
30,0,A (1)
31,0.115592663,A (1)
32,0.005546407,A (1)
33,0.018680767,A (1)
34,0.015999228,A (1)
35,0.005421233,A (1)
36,0,A (1)
37,0.007011808,A (1)
38,0.006891558,A (1)
39,0.001230665,A (1)
40,0.036263986,A (1)
41,0,A (1)
42,0.011623491,A (1)
43,0.001973975,A (1)
44,0.028679838,A (1)
45,0.024774349,A (1)
46,0.035728808,A (1)
47,0.00177155,A (1)
48,0,A (1)
49,0.00381953,A (1)
50,0.007336706,A (1)
51,0.002413848,A (1)
52,0,A (1)
53,0.00165029,A (1)
54,0.006862367,A (1)
55,0.002896015,A (1)
56,0.002019742,A (1)
57,0,A (1)
58,0.014438957,A (1)
59,0.012876652,A (1)
60,0,A (1)
61,0.001009373,A (1)
62,0.190043207,A (1)
63,0.008316797,A (1)
64,0.002705165,A (1)
65,0.014520977,A (1)
66,0.007224306,A (1)
67,0.000142695,A (1)
68,0.001732832,A (1)
69,0.00181732,A (1)
70,0.001754823,A (1)
71,0.002071287,A (1)
72,0.000102107,A (1)
73,0,A (1)
74,0,A (1)
75,0.005848083,A (1)
76,0.044917421,A (1)
77,0,A (1)
78,0.084856046,A (1)
79,0.00885113,A (1)
80,0,A (1)
81,0.021721064,A (1)
82,0.053589804,A (1)
83,0.000816229,A (1)
84,0.015263584,A (1)
85,0.006692875,A (1)
86,0.008655652,A (1)
87,0.006661489,A (1)
88,0.004827661,A (1)
89,0.000957895,A (1)
90,0.000949398,A (1)
91,0.024866671,A (1)
92,0.018352049,A (1)
93,0.000936474,A (1)
94,0.002706628,A (1)
95,0.006003642,A (1)
96,0,A (1)
97,0,A (1)
98,0.003636535,A (1)
99,0.010788861,A (1)
100,0,A (1)
101,0.020861487,A (1)
102,0.029976306,A (1)
103,0,A (1)
104,0,A (1)
105,0.015023868,A (1)
106,0,A (1)
107,0.008346236,A (1)
108,0,A (1)
109,0.017830928,A (1)
110,0,A (1)
111,0.002588467,A (1)
112,0,A (1)
113,0.001468764,A (1)
114,0,A (1)
115,0,A (1)
116,0.00543609,A (1)
117,0.001838371,A (1)
118,0,A (1)
119,0.001007989,A (1)
120,0.003936346,A (1)
121,0,A (1)
122,0.002323811,A (1)
123,0.009711006,A (1)
124,0.004784917,A (1)
125,0,A (1)
126,0.00113276,A (1)
127,0.000480784,A (1)
128,0.001275527,A (1)
129,0.0469947,A (1)
130,0,A (1)
131,0.000614328,A (1)
132,0.00233852,A (1)
133,0.001830164,A (1)
134,0.013698027,A (1)
135,0,A (1)
136,0,A (1)
137,0,A (1)
138,0.00574577,A (1)
139,0,A (1)
140,0,A (1)
141,0.00195944,A (1)
142,0,A (1)
143,0,A (1)
144,0,A (1)
145,0,A (1)
146,0.007208881,A (1)
147,0,A (1)
148,0.000925947,A (1)
149,0.008031793,A (1)
150,0,A (1)
151,0.006285336,A (1)
152,0,A (1)
153,0,A (1)
154,0,A (1)
155,0,A (1)
156,0,A (1)
157,0.001908239,A (1)
158,0.003706998,A (1)
159,0,A (1)
160,0.000557446,A (1)
161,0.004505325,A (1)
162,0.005904892,A (1)
163,0,A (1)
164,0.032695001,A (1)
165,0.007276899,A (1)
166,0.001982768,A (1)
167,0.064705444,A (1)
168,0.00429295,A (1)
169,0,A (1)
170,0.00541971,A (1)
171,0.000914926,A (1)
172,0,A (1)
173,0,A (1)
174,0,A (1)
175,0.000242938,A (1)
176,0,A (1)
177,0.001990329,A (1)
178,0,A (1)
179,0,A (1)
180,0,A (1)
181,0,A (1)
182,0,A (1)
183,0,A (1)
184,0.005406483,A (1)
185,0,A (1)
186,0,A (1)
187,0.003736827,A (1)
188,0.080438216,A (1)
189,0.005981906,A (1)
190,0.000630782,A (1)
191,0,A (1)
192,0.004972587,A (1)
193,0.000426346,A (1)
194,0.001693042,A (1)
195,0,A (1)
196,0.003371983,A (1)
197,0.003205359,A (1)
198,0.00351622,A (1)
199,0.008772937,A (1)
200,0.005387743,A (1)
201,0.004947021,A (1)
202,0,A (1)
203,0,A (1)
204,0,A (1)
205,0,A (1)
206,0,A (1)
207,0.002240163,A (1)
208,0,A (1)
209,0.002379258,A (1)
210,0,A (1)
211,0.02090983,A (1)
212,0,A (1)
213,0.002680898,A (1)
214,0.007990143,A (1)
215,0,A (1)
216,0,A (1)
217,0,A (1)
218,0.031923851,A (1)
219,0,A (1)
220,0,A (1)
221,0.002963458,A (1)
222,0,A (1)
223,0,A (1)
224,0,A (1)
225,0.005079603,A (1)
226,0,A (1)
227,0.001274792,A (1)
228,0.001351551,A (1)
229,0.013232711,A (1)
230,0,A (1)
231,0.001110622,A (1)
232,0.014192595,A (1)
233,0,A (1)
234,0.001656345,A (1)
235,0.000355694,A (1)
236,0,A (1)
237,0.000351616,A (1)
238,0,A (1)
239,0,A (1)
240,0,A (1)
241,0.00128439,A (1)
242,0,A (1)
243,0,A (1)
244,0.009078691,A (1)
245,0,A (1)
246,0.012018019,A (1)
247,0.01811948,A (1)
248,0.025765604,A (1)
249,0,A (1)
250,0,A (1)
251,0.007135817,A (1)
252,0.021723743,A (1)
253,0.001785679,A (1)
254,0,A (1)
255,0.018661916,A (1)
256,0,A (1)
257,0,A (1)
258,0,A (1)
259,0,A (1)
260,0,A (1)
261,0.027270953,A (1)
262,0.005671422,A (1)
263,0,A (1)
264,0.007991278,A (1)
265,0.126660469,A (1)
266,0.11434397,A (1)
267,0.229883956,A (1)
268,0,A (1)
269,0.006177768,A (1)
270,0.002609975,A (1)
271,0.001972834,A (1)
272,0.082680046,A (1)
273,0.021164678,A (1)
274,0.000819009,A (1)
275,0.008867162,A (1)
276,0.010472558,A (1)
277,0.001493257,A (1)
278,0.170540599,A (1)
279,0.088444958,A (1)
280,0,A (1)
281,0,A (1)
282,0,A (1)
283,0.020151926,A (1)
284,0.003430504,A (1)
285,0,A (1)
286,0,A (1)
287,0.007718981,A (1)
288,0,A (1)
289,0,A (1)
290,0.001583923,A (1)
291,0.007954069,A (1)
292,0.003725142,A (1)
293,0.019093584,A (1)
294,0.018180562,A (1)
295,0.020794241,A (1)
296,0.004059866,A (1)
297,0.680794534,A (1)
298,0.020681225,A (1)
299,0.000250758,A (1)
300,0.018465177,A (1)
301,0.007588874,A (1)
302,0.00473639,A (1)
303,0,A (1)
304,0.039406954,A (1)
305,0,A (1)
306,0.026861214,A (1)
307,0,A (1)
308,0.008826535,A (1)
309,0,A (1)
310,0.001172506,A (1)
311,0.04696721,A (1)
312,0.003175599,A (1)
313,0.011579784,A (1)
314,0.000353478,A (1)
315,0.012274194,A (1)
316,0.04799799,A (1)
317,0.001914364,A (1)
318,0.016831172,A (1)
319,0.001570336,A (1)
320,0,A (1)
321,0.008186315,A (1)
322,0.001482961,A (1)
323,0,A (1)
324,0.000948425,A (1)
325,0,A (1)
326,0,A (1)
327,0.003470406,A (1)
328,0.035901915,A (1)
329,0.000431255,A (1)
330,0.001403242,A (1)
331,0.003743671,A (1)
332,0.001799939,A (1)
333,0.000672987,A (1)
334,0,A (1)
335,0,A (1)
336,0.038624542,A (1)
337,0.026124194,A (1)
338,0.006435934,A (1)
339,0,A (1)
1,0.0204866,A (2)
2,0.004587563,A (2)
3,0.0028085,A (2)
4,0.00177807,A (2)
5,0.002529261,A (2)
6,0.002200571,A (2)
7,0.005352472,A (2)
8,0.003247818,A (2)
9,0.036056818,A (2)
10,0.002548058,A (2)
11,0.012416917,A (2)
12,0.00696638,A (2)
13,0.133514221,A (2)
14,0.020125125,A (2)
15,0.010322106,A (2)
16,0.022986284,A (2)
17,0.003209363,A (2)
18,0.000964636,A (2)
19,0.008650474,A (2)
20,0.256958905,A (2)
21,0.002634321,A (2)
22,0.002515831,A (2)
23,0.00766309,A (2)
24,0,A (2)
25,0.001034105,A (2)
26,0,A (2)
27,0.003237315,A (2)
28,0,A (2)
29,0.003164936,A (2)
30,0,A (2)
31,0,A (2)
32,0.006989654,A (2)
33,0.060466245,A (2)
34,0.016265733,A (2)
35,0.005181603,A (2)
36,0.064170864,A (2)
37,0.006393687,A (2)
38,0.003233591,A (2)
39,0.000505339,A (2)
40,0.023851476,A (2)
41,0,A (2)
42,0.00552674,A (2)
43,0.002107969,A (2)
44,0.029645015,A (2)
45,0.01937787,A (2)
46,0.018809698,A (2)
47,0.002196064,A (2)
48,0,A (2)
49,0.002127861,A (2)
50,0.00524813,A (2)
51,0.002501612,A (2)
52,0.002675906,A (2)
53,0.001235089,A (2)
54,0.006537153,A (2)
55,0.000899222,A (2)
56,0.00281448,A (2)
57,0.022722466,A (2)
58,0,A (2)
59,0.013773981,A (2)
60,0,A (2)
61,0.001302055,A (2)
62,0.012597423,A (2)
63,0.004095373,A (2)
64,0.002611632,A (2)
65,0.018151433,A (2)
66,0.007221432,A (2)
67,0.000173637,A (2)
68,0.001687798,A (2)
69,0.003093622,A (2)
70,0,A (2)
71,0.005216531,A (2)
72,0.000213396,A (2)
73,0,A (2)
74,0,A (2)
75,0.002718316,A (2)
76,0.025769814,A (2)
77,0.002594052,A (2)
78,0.101665532,A (2)
79,0.002398086,A (2)
80,0.00523857,A (2)
81,0.008537555,A (2)
82,0.04484255,A (2)
83,0.001395827,A (2)
84,0.016071009,A (2)
85,0.005829657,A (2)
86,0.008007603,A (2)
87,0.010648195,A (2)
88,0.003849776,A (2)
89,0.000393558,A (2)
90,0.000402167,A (2)
91,0.024779806,A (2)
92,0.017322959,A (2)
93,0,A (2)
94,0.002177675,A (2)
95,0.001438874,A (2)
96,0.012655022,A (2)
97,0.003751536,A (2)
98,0.001298988,A (2)
99,0.010055686,A (2)
100,0,A (2)
101,0.006701419,A (2)
102,0.029212304,A (2)
103,0,A (2)
104,0,A (2)
105,0.013477938,A (2)
106,0,A (2)
107,0.001462421,A (2)
108,0,A (2)
109,0.0225544,A (2)
110,0,A (2)
111,0.003635186,A (2)
112,0,A (2)
113,0.002415837,A (2)
114,0.002895985,A (2)
115,0.010187783,A (2)
116,0.003557248,A (2)
117,0.00210034,A (2)
118,0,A (2)
119,0,A (2)
120,0.002399502,A (2)
121,0,A (2)
122,0.002492112,A (2)
123,0.012698951,A (2)
124,0.0058989,A (2)
125,0,A (2)
126,0.001018878,A (2)
127,0.002951414,A (2)
128,0.001045474,A (2)
129,0.029644207,A (2)
130,0.015186023,A (2)
131,0.0003404,A (2)
132,0,A (2)
133,0.00069442,A (2)
134,0.009834816,A (2)
135,0.002219698,A (2)
136,0,A (2)
137,0,A (2)
138,0.003972891,A (2)
139,0.010556157,A (2)
140,0,A (2)
141,0.000580401,A (2)
142,0,A (2)
143,0.003122469,A (2)
144,0.003239349,A (2)
145,0,A (2)
146,0.005526126,A (2)
147,0,A (2)
148,0,A (2)
149,0.007342354,A (2)
150,0,A (2)
151,0.007271772,A (2)
152,0,A (2)
153,0,A (2)
154,0.007701678,A (2)
155,0,A (2)
156,0,A (2)
157,0.000823394,A (2)
158,0,A (2)
159,0.006723654,A (2)
160,0.000691413,A (2)
161,0.00287767,A (2)
162,0,A (2)
163,0,A (2)
164,0.039267872,A (2)
165,0.004575649,A (2)
166,0.000801185,A (2)
167,0.015505683,A (2)
168,0.003447441,A (2)
169,0.000366167,A (2)
170,0.002177506,A (2)
171,0.000928247,A (2)
172,0.002742791,A (2)
173,0.00148305,A (2)
174,0,A (2)
175,0.00261071,A (2)
176,0,A (2)
177,0.00175174,A (2)
178,0,A (2)
179,0.008626167,A (2)
180,0,A (2)
181,0,A (2)
182,0.000678969,A (2)
183,0,A (2)
184,0.007025872,A (2)
185,0,A (2)
186,0.000868111,A (2)
187,0.003259923,A (2)
188,0.063362127,A (2)
189,0.004734457,A (2)
190,0.000419412,A (2)
191,0,A (2)
192,0.004572631,A (2)
193,0.000516738,A (2)
194,0.001290621,A (2)
195,0,A (2)
196,0.002124499,A (2)
197,0.002776635,A (2)
198,0.000914091,A (2)
199,0.00452622,A (2)
200,0,A (2)
201,0.003073464,A (2)
202,0,A (2)
203,0.001031526,A (2)
204,0,A (2)
205,0.011383775,A (2)
206,0,A (2)
207,0.001926712,A (2)
208,0,A (2)
209,0.002147823,A (2)
210,0.001257253,A (2)
211,0.004385453,A (2)
212,0,A (2)
213,0.001599344,A (2)
214,0,A (2)
215,0,A (2)
216,0.001877005,A (2)
217,0.001404867,A (2)
218,0.004543667,A (2)
219,0,A (2)
220,0.009369295,A (2)
221,0,A (2)
222,0.004855595,A (2)
223,0,A (2)
224,0.00123413,A (2)
225,0.004819929,A (2)
226,0.004647029,A (2)
227,0.003652893,A (2)
228,0.000998676,A (2)
229,0.013739684,A (2)
230,0,A (2)
231,0.000475347,A (2)
232,0.015995996,A (2)
233,0.001629187,A (2)
234,0,A (2)
235,0,A (2)
236,0,A (2)
237,0,A (2)
238,0.012794703,A (2)
239,0,A (2)
240,0,A (2)
241,0.00158946,A (2)
242,0,A (2)
243,0,A (2)
244,0.014521596,A (2)
245,0.002870716,A (2)
246,0.003325469,A (2)
247,0.021469878,A (2)
248,0.011317985,A (2)
249,0,A (2)
250,0,A (2)
251,0.013464636,A (2)
252,0.006376892,A (2)
253,0.000153891,A (2)
254,0.006080971,A (2)
255,0.007050274,A (2)
256,0.038625053,A (2)
257,0,A (2)
258,0.00943473,A (2)
259,0.072467073,A (2)
260,0.007678453,A (2)
261,0.010974388,A (2)
262,0.005435539,A (2)
263,0,A (2)
264,0.000353082,A (2)
265,0.133490758,A (2)
266,0,A (2)
267,0.262278868,A (2)
268,0,A (2)
269,0.006557606,A (2)
270,0.006487114,A (2)
271,0.001439642,A (2)
272,0.068081747,A (2)
273,0.015890852,A (2)
274,0,A (2)
275,0.002562659,A (2)
276,0,A (2)
277,0,A (2)
278,0.003168076,A (2)
279,0.002267078,A (2)
280,0,A (2)
281,0,A (2)
282,0,A (2)
283,0.025828819,A (2)
284,0.001629606,A (2)
285,0,A (2)
286,0,A (2)
287,0.002323645,A (2)
288,0.003285513,A (2)
289,0,A (2)
290,0.000477144,A (2)
291,0.005000841,A (2)
292,0.004579606,A (2)
293,0.003928901,A (2)
294,0.011692644,A (2)
295,0.01040438,A (2)
296,0.003349817,A (2)
297,0,A (2)
298,0.006646548,A (2)
299,0,A (2)
300,0.00510471,A (2)
301,0.001581063,A (2)
302,0.004126223,A (2)
303,0.003071416,A (2)
304,0,A (2)
305,0,A (2)
306,0.029929274,A (2)
307,0.001516349,A (2)
308,0.004368391,A (2)
309,0.003088603,A (2)
310,0.003568503,A (2)
311,0.00972659,A (2)
312,0.003280246,A (2)
313,0.001328088,A (2)
314,0.000294955,A (2)
315,0.0016065,A (2)
316,0.038881953,A (2)
317,0.002638634,A (2)
318,0.078686142,A (2)
319,0.000424556,A (2)
320,0.074250266,A (2)
321,0.007499128,A (2)
322,0,A (2)
323,0.000285105,A (2)
324,0.000856101,A (2)
325,0,A (2)
326,0,A (2)
327,0,A (2)
328,0.031758448,A (2)
329,0.000397893,A (2)
330,0,A (2)
331,0.001936874,A (2)
332,0,A (2)
333,0,A (2)
334,0,A (2)
335,0,A (2)
336,0.05009435,A (2)
337,0.114505761,A (2)
338,0,A (2)
339,0.000552243,A (2)
1,0.302916461,CB (1)
2,0.003905299,CB (1)
3,0.001857876,CB (1)
4,0.002504164,CB (1)
5,0.003803091,CB (1)
6,0.002569899,CB (1)
7,0.003417834,CB (1)
8,0.003661455,CB (1)
9,0.1731272,CB (1)
10,0.01840541,CB (1)
11,0.010399199,CB (1)
12,0.006411395,CB (1)
13,0.485391738,CB (1)
14,0.005800652,CB (1)
15,0.003250203,CB (1)
16,0,CB (1)
17,0.027006961,CB (1)
18,0.001152339,CB (1)
19,0.021389344,CB (1)
20,0.858196354,CB (1)
21,0.003179696,CB (1)
22,0.000685336,CB (1)
23,0.005230037,CB (1)
24,0.042887086,CB (1)
25,0.003094708,CB (1)
26,0.001153412,CB (1)
27,0.011004802,CB (1)
28,0.005346056,CB (1)
29,0.012255097,CB (1)
30,0.0363924,CB (1)
31,0.387588717,CB (1)
32,0.003980351,CB (1)
33,0,CB (1)
34,0.009774421,CB (1)
35,0.001743715,CB (1)
36,0.045405396,CB (1)
37,0.004587324,CB (1)
38,0.015254455,CB (1)
39,0.00681746,CB (1)
40,0.022745363,CB (1)
41,0,CB (1)
42,0.011358289,CB (1)
43,0.022078625,CB (1)
44,0.021876987,CB (1)
45,0.031899662,CB (1)
46,0.019136889,CB (1)
47,0.015033991,CB (1)
48,0.041075813,CB (1)
49,0.001198927,CB (1)
50,0.003410066,CB (1)
51,0.005800747,CB (1)
52,0.002054937,CB (1)
53,0.001786952,CB (1)
54,0.001433195,CB (1)
55,0.003243671,CB (1)
56,0.004575623,CB (1)
57,0.012374855,CB (1)
58,0.023037571,CB (1)
59,0.053183055,CB (1)
60,0.001213377,CB (1)
61,0,CB (1)
62,0.155655476,CB (1)
63,0.002946593,CB (1)
64,0.001554458,CB (1)
65,0.016087526,CB (1)
66,0.009250035,CB (1)
67,0.001553141,CB (1)
68,0,CB (1)
69,0.00733678,CB (1)
70,0,CB (1)
71,0.014473674,CB (1)
72,0.000202017,CB (1)
73,0.004984454,CB (1)
74,0.003271947,CB (1)
75,0.005881749,CB (1)
76,0.016265647,CB (1)
77,0,CB (1)
78,0.062478337,CB (1)
79,0.011090875,CB (1)
80,0,CB (1)
81,0.019424129,CB (1)
82,0.066485182,CB (1)
83,0.001366663,CB (1)
84,0.008059374,CB (1)
85,0.000881951,CB (1)
86,0.007492926,CB (1)
87,0.01406728,CB (1)
88,0.004083599,CB (1)
89,0,CB (1)
90,0.001200678,CB (1)
91,0.024520313,CB (1)
92,0.015268706,CB (1)
93,0.000625243,CB (1)
94,0.052067848,CB (1)
95,0.005329747,CB (1)
96,0.032253567,CB (1)
97,0.004263987,CB (1)
98,0.002665642,CB (1)
99,0.006553884,CB (1)
100,0.004070824,CB (1)
101,0,CB (1)
102,0.89062185,CB (1)
103,0,CB (1)
104,0.017349143,CB (1)
105,0.396320509,CB (1)
106,0.010570175,CB (1)
107,0.002061731,CB (1)
108,0.066878153,CB (1)
109,0.009895077,CB (1)
110,0.005780504,CB (1)
111,0.057060719,CB (1)
112,0.006398463,CB (1)
113,0.001601283,CB (1)
114,0.01271408,CB (1)
115,0.02279701,CB (1)
116,0.008366069,CB (1)
117,0.003459147,CB (1)
118,0.017594605,CB (1)
119,0,CB (1)
120,0,CB (1)
121,0.006006861,CB (1)
122,0.005696553,CB (1)
123,0.00803785,CB (1)
124,0.023614839,CB (1)
125,0.001820209,CB (1)
126,0.000547911,CB (1)
127,0,CB (1)
128,0.005993476,CB (1)
129,0.036003686,CB (1)
130,0,CB (1)
131,0.001883392,CB (1)
132,0.002634459,CB (1)
133,0.00097626,CB (1)
134,0.004833592,CB (1)
135,0.007549166,CB (1)
136,0.004299436,CB (1)
137,0.002162898,CB (1)
138,0.008392658,CB (1)
139,0.004403736,CB (1)
140,0.015718395,CB (1)
141,0.001982515,CB (1)
142,0.01736125,CB (1)
143,0.002232526,CB (1)
144,0.003219641,CB (1)
145,0.008118436,CB (1)
146,0.007300854,CB (1)
147,0.000431077,CB (1)
148,0.000333913,CB (1)
149,0.004835947,CB (1)
150,0.005081178,CB (1)
151,0.009945381,CB (1)
152,0.003108184,CB (1)
153,0.01744297,CB (1)
154,0.007793788,CB (1)
155,0.002483776,CB (1)
156,0.00318026,CB (1)
157,0.000613411,CB (1)
158,0.009206263,CB (1)
159,0.094324316,CB (1)
160,0.001353435,CB (1)
161,0.004886958,CB (1)
162,0.01818882,CB (1)
163,0.019772304,CB (1)
164,0.043956539,CB (1)
165,0.005390465,CB (1)
166,0.000940613,CB (1)
167,0.012570152,CB (1)
168,0.002755481,CB (1)
169,0.002992539,CB (1)
170,0.004350965,CB (1)
171,0.009321388,CB (1)
172,0.046462417,CB (1)
173,0.007812489,CB (1)
174,0.003694337,CB (1)
175,0.000611985,CB (1)
176,0.01953121,CB (1)
177,0.007324479,CB (1)
178,0,CB (1)
179,0.029829735,CB (1)
180,0.025172363,CB (1)
181,0.002788527,CB (1)
182,0.000767026,CB (1)
183,0.002287284,CB (1)
184,0.005320014,CB (1)
185,0.011520925,CB (1)
186,0.000746686,CB (1)
187,0.006854746,CB (1)
188,0.038123136,CB (1)
189,0.00312578,CB (1)
190,0.001468957,CB (1)
191,0.002346939,CB (1)
192,0.009362456,CB (1)
193,0.000609968,CB (1)
194,0.000682166,CB (1)
195,0.00059369,CB (1)
196,0.493328338,CB (1)
197,0.002293477,CB (1)
198,0.004525645,CB (1)
199,0,CB (1)
200,0.01051607,CB (1)
201,0,CB (1)
202,0.010571778,CB (1)
203,0.006152865,CB (1)
204,0.098914648,CB (1)
205,0.011310342,CB (1)
206,0.04617288,CB (1)
207,0.005460383,CB (1)
208,0.008948706,CB (1)
209,0.023013057,CB (1)
210,0.008905258,CB (1)
211,0.066687549,CB (1)
212,0.020685696,CB (1)
213,0.041085909,CB (1)
214,0.009369284,CB (1)
215,0.014263655,CB (1)
216,0.008061847,CB (1)
217,0.000384524,CB (1)
218,0.001834962,CB (1)
219,0.008673401,CB (1)
220,0.032851795,CB (1)
221,0.006521091,CB (1)
222,0.016822344,CB (1)
223,0.136205899,CB (1)
224,0.005861337,CB (1)
225,0.005129077,CB (1)
226,0.005368245,CB (1)
227,0.00221615,CB (1)
228,0.001601867,CB (1)
229,0,CB (1)
230,0.056534824,CB (1)
231,0.003648025,CB (1)
232,0,CB (1)
233,0.021985943,CB (1)
234,0.03381979,CB (1)
235,0.018565979,CB (1)
236,0.041617062,CB (1)
237,0.003495414,CB (1)
238,0.161381297,CB (1)
239,0.006913481,CB (1)
240,0.091882052,CB (1)
241,0.008198951,CB (1)
242,0.008687577,CB (1)
243,0.090416092,CB (1)
244,0.025420664,CB (1)
245,0.026331123,CB (1)
246,0.041693057,CB (1)
247,3.736402812,CB (1)
248,0.168163612,CB (1)
249,0.119931688,CB (1)
250,0.002353993,CB (1)
251,0.008211877,CB (1)
252,0,CB (1)
253,0.004398332,CB (1)
254,0.043459383,CB (1)
255,0.046067044,CB (1)
256,0.196551966,CB (1)
257,0.003582502,CB (1)
258,0.18539169,CB (1)
259,0.086790287,CB (1)
260,0.028030373,CB (1)
261,0,CB (1)
262,0.00267088,CB (1)
263,0.029099097,CB (1)
264,0.001843937,CB (1)
265,0.156130933,CB (1)
266,0.009295425,CB (1)
267,0.30104176,CB (1)
268,0,CB (1)
269,0.052836965,CB (1)
270,0.01501665,CB (1)
271,0,CB (1)
272,0.113826375,CB (1)
273,0,CB (1)
274,0.004872507,CB (1)
275,0.003770709,CB (1)
276,0.015492716,CB (1)
277,0.001339418,CB (1)
278,0.04456084,CB (1)
279,0.025650852,CB (1)
280,0.0762731,CB (1)
281,0.008799156,CB (1)
282,0.05070134,CB (1)
283,0.023382053,CB (1)
284,0.003883814,CB (1)
285,0.00196072,CB (1)
286,0,CB (1)
287,0.007140526,CB (1)
288,0.032186436,CB (1)
289,0.001177664,CB (1)
290,0.002017946,CB (1)
291,0.034021482,CB (1)
292,0.029250091,CB (1)
293,0.2121706,CB (1)
294,0,CB (1)
295,0.074481531,CB (1)
296,0.2883581,CB (1)
297,0,CB (1)
298,0.329331768,CB (1)
299,0.003937226,CB (1)
300,0.07521678,CB (1)
301,0.000979996,CB (1)
302,0.056376296,CB (1)
303,0.009359393,CB (1)
304,1.088260461,CB (1)
305,0,CB (1)
306,0.008094208,CB (1)
307,0,CB (1)
308,0.00691217,CB (1)
309,0.003008617,CB (1)
310,0,CB (1)
311,0.002418061,CB (1)
312,0.003285915,CB (1)
313,0,CB (1)
314,0,CB (1)
315,0,CB (1)
316,0.176642993,CB (1)
317,0.002065365,CB (1)
318,0.016607488,CB (1)
319,0,CB (1)
320,0,CB (1)
321,0.002873412,CB (1)
322,0.000923528,CB (1)
323,0.000159219,CB (1)
324,0.000595454,CB (1)
325,0.003413206,CB (1)
326,0,CB (1)
327,0,CB (1)
328,0.023179456,CB (1)
329,0.000277529,CB (1)
330,0,CB (1)
331,0.002643953,CB (1)
332,0.004562374,CB (1)
333,0,CB (1)
334,0.001102205,CB (1)
335,0.000608726,CB (1)
336,0.026381828,CB (1)
337,0.055579106,CB (1)
338,0.00427706,CB (1)
339,0,CB (1)
1,0.028162898,CB (2)
2,0.003472341,CB (2)
3,0.002432646,CB (2)
4,0.003668743,CB (2)
5,0.003923389,CB (2)
6,0.002759552,CB (2)
7,0.003767979,CB (2)
8,0.002772267,CB (2)
9,0.170354252,CB (2)
10,0.055053905,CB (2)
11,0.007122784,CB (2)
12,0,CB (2)
13,0.553147974,CB (2)
14,0.005948176,CB (2)
15,0.002801583,CB (2)
16,0.019736846,CB (2)
17,0.039655877,CB (2)
18,0.001987325,CB (2)
19,0.016727865,CB (2)
20,0.756054828,CB (2)
21,0,CB (2)
22,0.001273129,CB (2)
23,0.0045894,CB (2)
24,0.02152548,CB (2)
25,0.002983896,CB (2)
26,0,CB (2)
27,0.006770871,CB (2)
28,0.004944135,CB (2)
29,0.011965464,CB (2)
30,0.009931189,CB (2)
31,0.402645754,CB (2)
32,0.004726697,CB (2)
33,0.047360123,CB (2)
34,0.00895796,CB (2)
35,0.001500212,CB (2)
36,0.047831352,CB (2)
37,0.004587295,CB (2)
38,0.002970254,CB (2)
39,0.004355307,CB (2)
40,0.020618877,CB (2)
41,0,CB (2)
42,0.009922509,CB (2)
43,0.014554298,CB (2)
44,0.018419094,CB (2)
45,0.026951526,CB (2)
46,0.023372186,CB (2)
47,0.014050496,CB (2)
48,0.038032526,CB (2)
49,0,CB (2)
50,0.001819372,CB (2)
51,0.005325709,CB (2)
52,0,CB (2)
53,0.002264527,CB (2)
54,0.001221887,CB (2)
55,0.002452546,CB (2)
56,0.00449172,CB (2)
57,0.013162833,CB (2)
58,0,CB (2)
59,0.055537155,CB (2)
60,0.001034787,CB (2)
61,0.00129765,CB (2)
62,0.209261395,CB (2)
63,0.005475248,CB (2)
64,0.001216034,CB (2)
65,0.013790241,CB (2)
66,0.002138543,CB (2)
67,0.00192416,CB (2)
68,0.000633597,CB (2)
69,0.005771416,CB (2)
70,0.000638624,CB (2)
71,0.009601675,CB (2)
72,0.00010462,CB (2)
73,0.00398301,CB (2)
74,0.002333686,CB (2)
75,0.002157645,CB (2)
76,0.013564651,CB (2)
77,0.006085697,CB (2)
78,0.059653159,CB (2)
79,0.010368627,CB (2)
80,0,CB (2)
81,0.016409538,CB (2)
82,0.078388535,CB (2)
83,0.002746727,CB (2)
84,0.005996646,CB (2)
85,0.002779266,CB (2)
86,0.007334784,CB (2)
87,0.01253891,CB (2)
88,0.004162419,CB (2)
89,0.000738957,CB (2)
90,0.001579266,CB (2)
91,0.020867565,CB (2)
92,0.014408512,CB (2)
93,0,CB (2)
94,0.046841156,CB (2)
95,0.004341211,CB (2)
96,0.022479993,CB (2)
97,0.003175355,CB (2)
98,0.002638838,CB (2)
99,0.005466258,CB (2)
100,0.003093573,CB (2)
101,0.010856279,CB (2)
102,0.859883851,CB (2)
103,0,CB (2)
104,0.008093614,CB (2)
105,0.373452723,CB (2)
106,0.009208413,CB (2)
107,0.002933714,CB (2)
108,0.063605815,CB (2)
109,0.007649042,CB (2)
110,0.004865936,CB (2)
111,0.03602716,CB (2)
112,0,CB (2)
113,0.001946872,CB (2)
114,0.009034354,CB (2)
115,0.017476077,CB (2)
116,0.00626726,CB (2)
117,0.002234106,CB (2)
118,0.013191959,CB (2)
119,0,CB (2)
120,0.006448327,CB (2)
121,0.005161665,CB (2)
122,0.004567804,CB (2)
123,0.009867742,CB (2)
124,0.021321932,CB (2)
125,0.001701269,CB (2)
126,0.000418456,CB (2)
127,0,CB (2)
128,0.00535045,CB (2)
129,0.030875573,CB (2)
130,0,CB (2)
131,0.001645072,CB (2)
132,0.002079314,CB (2)
133,0.000744878,CB (2)
134,0,CB (2)
135,0,CB (2)
136,0.004218756,CB (2)
137,0.001853942,CB (2)
138,0.00677042,CB (2)
139,0.008413284,CB (2)
140,0.012972799,CB (2)
141,0.002211903,CB (2)
142,0.005013887,CB (2)
143,0,CB (2)
144,0.002727139,CB (2)
145,0,CB (2)
146,0.006308295,CB (2)
147,0.000468636,CB (2)
148,0.00015397,CB (2)
149,0.005015283,CB (2)
150,0.004819454,CB (2)
151,0.01156965,CB (2)
152,0.002626977,CB (2)
153,0.012273831,CB (2)
154,0.006850002,CB (2)
155,0.002117468,CB (2)
156,0.002387501,CB (2)
157,0.000643367,CB (2)
158,0.006008157,CB (2)
159,0.033160521,CB (2)
160,0.001415701,CB (2)
161,0.003187416,CB (2)
162,0.016987454,CB (2)
163,0.013154701,CB (2)
164,0.024255333,CB (2)
165,0.002563974,CB (2)
166,0.001000161,CB (2)
167,0.012264226,CB (2)
168,0.001842152,CB (2)
169,0.000783714,CB (2)
170,0.002348884,CB (2)
171,0.009353373,CB (2)
172,0.015254312,CB (2)
173,0.004770123,CB (2)
174,0.00330382,CB (2)
175,0.001607364,CB (2)
176,0.015801564,CB (2)
177,0.00663339,CB (2)
178,0.006180945,CB (2)
179,0.044802309,CB (2)
180,0.021882727,CB (2)
181,0.002233259,CB (2)
182,0.000884936,CB (2)
183,0.004065392,CB (2)
184,0.002301606,CB (2)
185,0.00855954,CB (2)
186,0.000869102,CB (2)
187,0.006895873,CB (2)
188,0.029165976,CB (2)
189,0.002311878,CB (2)
190,0.000997345,CB (2)
191,0.001487886,CB (2)
192,0.007478942,CB (2)
193,0.000359768,CB (2)
194,0.000718607,CB (2)
195,0,CB (2)
196,0.471079042,CB (2)
197,0.002556359,CB (2)
198,0.005318988,CB (2)
199,0.009198406,CB (2)
200,0.014439598,CB (2)
201,0,CB (2)
202,0.009192563,CB (2)
203,0.004411829,CB (2)
204,0.086935364,CB (2)
205,0.006887295,CB (2)
206,0.040069494,CB (2)
207,0.008983912,CB (2)
208,0.023964213,CB (2)
209,0.018349828,CB (2)
210,0.008481491,CB (2)
211,0.066750384,CB (2)
212,0.018936961,CB (2)
213,0.034582387,CB (2)
214,0.008223146,CB (2)
215,0.012632164,CB (2)
216,0.007335405,CB (2)
217,0.000386539,CB (2)
218,0.00111859,CB (2)
219,0.008315158,CB (2)
220,0.030652239,CB (2)
221,0.001033808,CB (2)
222,0.014897142,CB (2)
223,0.118343776,CB (2)
224,0.005457282,CB (2)
225,0.004154355,CB (2)
226,0.003622691,CB (2)
227,0.001827217,CB (2)
228,0.001212901,CB (2)
229,0,CB (2)
230,0.050587862,CB (2)
231,0.003509341,CB (2)
232,0.016194629,CB (2)
233,0.024165465,CB (2)
234,0.025223408,CB (2)
235,0.01588369,CB (2)
236,0.039753005,CB (2)
237,0.002849176,CB (2)
238,0,CB (2)
239,0.005276665,CB (2)
240,0,CB (2)
241,0.006740602,CB (2)
242,0.070574047,CB (2)
243,0.101770512,CB (2)
244,0.015566093,CB (2)
245,0.021307293,CB (2)
246,0.063026997,CB (2)
247,3.578988169,CB (2)
248,0.149168582,CB (2)
249,0.108113316,CB (2)
250,0.00144848,CB (2)
251,0.012399848,CB (2)
252,0.026083016,CB (2)
253,0.004385486,CB (2)
254,0,CB (2)
255,0.040340976,CB (2)
256,0.193158543,CB (2)
257,0.002911272,CB (2)
258,0.052609985,CB (2)
259,0,CB (2)
260,0,CB (2)
261,0,CB (2)
262,0.002646453,CB (2)
263,0.02521328,CB (2)
264,0.004144451,CB (2)
265,0.130706817,CB (2)
266,0.007626015,CB (2)
267,0.269320162,CB (2)
268,0.010601589,CB (2)
269,0.048148487,CB (2)
270,0.00565229,CB (2)
271,0,CB (2)
272,0.101032741,CB (2)
273,0.036653748,CB (2)
274,0.003649731,CB (2)
275,0,CB (2)
276,0.007952359,CB (2)
277,0,CB (2)
278,0.04352994,CB (2)
279,0.039082462,CB (2)
280,0.040385886,CB (2)
281,0.007846731,CB (2)
282,0.016760665,CB (2)
283,0.024003391,CB (2)
284,0.001658925,CB (2)
285,0,CB (2)
286,0.032256891,CB (2)
287,0.004569845,CB (2)
288,0.057582913,CB (2)
289,0.001898043,CB (2)
290,0,CB (2)
291,0.045092007,CB (2)
292,0,CB (2)
293,0.094561021,CB (2)
294,0.005517753,CB (2)
295,0.115166035,CB (2)
296,0.053768904,CB (2)
297,0.134615428,CB (2)
298,0.071023422,CB (2)
299,0.002732401,CB (2)
300,0.041110948,CB (2)
301,0,CB (2)
302,0.031510926,CB (2)
303,0.006865198,CB (2)
304,0.024558874,CB (2)
305,0.017838851,CB (2)
306,0,CB (2)
307,0,CB (2)
308,0,CB (2)
309,0,CB (2)
310,0,CB (2)
311,0.002380319,CB (2)
312,0,CB (2)
313,0,CB (2)
314,0.000177865,CB (2)
315,0,CB (2)
316,0.125967806,CB (2)
317,0.014051539,CB (2)
318,0.100917491,CB (2)
319,0.000421181,CB (2)
320,0,CB (2)
321,0,CB (2)
322,0.000298162,CB (2)
323,0.000220268,CB (2)
324,0,CB (2)
325,0.015859972,CB (2)
326,0.001351364,CB (2)
327,0.003291875,CB (2)
328,0,CB (2)
329,0,CB (2)
330,0.001421534,CB (2)
331,0.001615215,CB (2)
332,0.004546913,CB (2)
333,0.006579623,CB (2)
334,0.000525581,CB (2)
335,0.000727557,CB (2)
336,0.037565732,CB (2)
337,0.038494742,CB (2)
338,0,CB (2)
339,0.001981931,CB (2)
1,0,S (1)
2,0,S (1)
3,0.019294355,S (1)
4,0,S (1)
5,0,S (1)
6,0,S (1)
7,0,S (1)
8,0,S (1)
9,0,S (1)
10,0,S (1)
11,0.022976669,S (1)
12,0.012581673,S (1)
13,0.02875422,S (1)
14,0,S (1)
15,0.017861213,S (1)
16,0.05519776,S (1)
17,0,S (1)
18,0,S (1)
19,0.001280384,S (1)
20,0.039679028,S (1)
21,0.003597384,S (1)
22,0,S (1)
23,0.001463528,S (1)
24,0,S (1)
25,0,S (1)
26,0,S (1)
27,0,S (1)
28,0.002027534,S (1)
29,0,S (1)
30,1.500852535,S (1)
31,0,S (1)
32,0,S (1)
33,0.016558857,S (1)
34,0.003541653,S (1)
35,0,S (1)
36,0.089276264,S (1)
37,0,S (1)
38,0.003621283,S (1)
39,0.002276661,S (1)
40,0.028406889,S (1)
41,0.180390604,S (1)
42,0.012918661,S (1)
43,0,S (1)
44,0,S (1)
45,0.030017974,S (1)
46,0,S (1)
47,0,S (1)
48,0,S (1)
49,0.018810568,S (1)
50,0.002141501,S (1)
51,0,S (1)
52,0,S (1)
53,0.001960988,S (1)
54,0,S (1)
55,0,S (1)
56,0,S (1)
57,0.026867312,S (1)
58,0.017297802,S (1)
59,0.021570358,S (1)
60,0.001633801,S (1)
61,0,S (1)
62,0,S (1)
63,0,S (1)
64,0.001480085,S (1)
65,0.003547727,S (1)
66,0.001860734,S (1)
67,0.000122274,S (1)
68,0.00360255,S (1)
69,0.003389532,S (1)
70,0,S (1)
71,0,S (1)
72,0.000374915,S (1)
73,0.003615745,S (1)
74,0.001835893,S (1)
75,0,S (1)
76,0.006898048,S (1)
77,0.087659698,S (1)
78,0.001856726,S (1)
79,0.001864704,S (1)
80,0.004573565,S (1)
81,0.016801491,S (1)
82,0.009673329,S (1)
83,0,S (1)
84,0,S (1)
85,0.001525678,S (1)
86,0.010572085,S (1)
87,0.008899679,S (1)
88,0,S (1)
89,0,S (1)
90,0,S (1)
91,0.014126106,S (1)
92,0.01362595,S (1)
93,0.003468934,S (1)
94,0.015398848,S (1)
95,0.001498305,S (1)
96,0.034659932,S (1)
97,0,S (1)
98,0,S (1)
99,0.004671815,S (1)
100,0,S (1)
101,0.020559658,S (1)
102,0.080245202,S (1)
103,0.137727845,S (1)
104,0.007985787,S (1)
105,0.032000441,S (1)
106,0.013574682,S (1)
107,0.002517118,S (1)
108,0,S (1)
109,0.05501611,S (1)
110,0.009862233,S (1)
111,0.050362012,S (1)
112,0.04769955,S (1)
113,0.003183728,S (1)
114,0.012957035,S (1)
115,0,S (1)
116,0.010580165,S (1)
117,0.041847062,S (1)
118,0,S (1)
119,0.008436569,S (1)
120,0.009245458,S (1)
121,0.002594312,S (1)
122,0.002731193,S (1)
123,0.008626892,S (1)
124,0.010618315,S (1)
125,0.004326371,S (1)
126,0,S (1)
127,0.192588088,S (1)
128,0.001746533,S (1)
129,0.031725951,S (1)
130,0,S (1)
131,0.003064575,S (1)
132,0.028541803,S (1)
133,0.002187283,S (1)
134,0.01095354,S (1)
135,0.023920121,S (1)
136,0,S (1)
137,0,S (1)
138,0.024076134,S (1)
139,0.011448281,S (1)
140,0.004280249,S (1)
141,0.007622904,S (1)
142,0.00374886,S (1)
143,0.002092778,S (1)
144,0.005347902,S (1)
145,0.010929217,S (1)
146,0,S (1)
147,0.001302224,S (1)
148,0.001571569,S (1)
149,0.009997908,S (1)
150,0.004826987,S (1)
151,0,S (1)
152,0,S (1)
153,0,S (1)
154,0.038580272,S (1)
155,0.009667514,S (1)
156,0.001532568,S (1)
157,0,S (1)
158,0.019174203,S (1)
159,0.006811579,S (1)
160,0.001683579,S (1)
161,0,S (1)
162,0,S (1)
163,0,S (1)
164,0.028180727,S (1)
165,0.011575058,S (1)
166,0.002402813,S (1)
167,0.509883365,S (1)
168,0.011111414,S (1)
169,0,S (1)
170,0,S (1)
171,0.004144097,S (1)
172,0,S (1)
173,0,S (1)
174,0.003446561,S (1)
175,0.000730804,S (1)
176,0,S (1)
177,0.006117016,S (1)
178,0.012200729,S (1)
179,0,S (1)
180,0.006018161,S (1)
181,0.000934366,S (1)
182,0.001202883,S (1)
183,0,S (1)
184,0.002831239,S (1)
185,0,S (1)
186,0.00189263,S (1)
187,0.011694602,S (1)
188,0.326381873,S (1)
189,0.011801148,S (1)
190,0.001533273,S (1)
191,0,S (1)
192,0.005253515,S (1)
193,0.002605544,S (1)
194,0.004421059,S (1)
195,0.001144951,S (1)
196,0.09058923,S (1)
197,0.00583669,S (1)
198,0,S (1)
199,0.024677874,S (1)
200,0.016896305,S (1)
201,0.129326237,S (1)
202,0.018899636,S (1)
203,0,S (1)
204,0.043965763,S (1)
205,0,S (1)
206,0,S (1)
207,0.010114248,S (1)
208,0.012445677,S (1)
209,0.008289576,S (1)
210,0.003405339,S (1)
211,0,S (1)
212,0,S (1)
213,0.012238141,S (1)
214,0,S (1)
215,0.00750313,S (1)
216,0,S (1)
217,0.000674078,S (1)
218,0.035869364,S (1)
219,0.002902426,S (1)
220,0.025371727,S (1)
221,0.033072718,S (1)
222,0.009104948,S (1)
223,0,S (1)
224,0.00477475,S (1)
225,0.23031223,S (1)
226,0.004646189,S (1)
227,0.015321084,S (1)
228,0.006590717,S (1)
229,0.031849905,S (1)
230,0,S (1)
231,0.002287157,S (1)
232,0.011445806,S (1)
233,0.012525512,S (1)
234,0.010276343,S (1)
235,0.011486845,S (1)
236,0.056011415,S (1)
237,0.002305529,S (1)
238,0,S (1)
239,0,S (1)
240,0.113380745,S (1)
241,0.005371387,S (1)
242,0.029824438,S (1)
243,0.155981991,S (1)
244,0.007817836,S (1)
245,0.007975559,S (1)
246,0.024559611,S (1)
247,2.471056972,S (1)
248,0.084598314,S (1)
249,2.015153374,S (1)
250,0.002878523,S (1)
251,0.010660456,S (1)
252,0.04288185,S (1)
253,0.00252695,S (1)
254,0,S (1)
255,0.144185411,S (1)
256,0.08906786,S (1)
257,0.157019668,S (1)
258,0.0107675,S (1)
259,0.007706458,S (1)
260,0.038030807,S (1)
261,0.157209794,S (1)
262,0.007871705,S (1)
263,0,S (1)
264,0,S (1)
265,0.321687062,S (1)
266,0,S (1)
267,0.556843956,S (1)
268,0.017794031,S (1)
269,0.047366965,S (1)
270,0,S (1)
271,0.00274235,S (1)
272,0.319067717,S (1)
273,0.024777099,S (1)
274,0.005725303,S (1)
275,0.002670585,S (1)
276,0,S (1)
277,0.001098997,S (1)
278,0.03387726,S (1)
279,0.01772765,S (1)
280,0.216769639,S (1)
281,0.006259058,S (1)
282,0.026128112,S (1)
283,0.047227183,S (1)
284,0.003316055,S (1)
285,0.001741671,S (1)
286,0.141091267,S (1)
287,0.008685512,S (1)
288,0.023659151,S (1)
289,0,S (1)
290,0.001619579,S (1)
291,0.150990917,S (1)
292,0,S (1)
293,0.26933836,S (1)
294,0.021177364,S (1)
295,0.457530566,S (1)
296,0.023683381,S (1)
297,0.52704504,S (1)
298,0.67997523,S (1)
299,0.001217457,S (1)
300,0.065819119,S (1)
301,0.171962746,S (1)
302,0.10951873,S (1)
303,0,S (1)
304,2.854835386,S (1)
305,0.359927119,S (1)
306,4.494489513,S (1)
307,0.004030748,S (1)
308,7.336562574,S (1)
309,0,S (1)
310,0.00316488,S (1)
311,0.041381798,S (1)
312,0.481605917,S (1)
313,0.340792541,S (1)
314,0.000227215,S (1)
315,0.010486491,S (1)
316,0.051089947,S (1)
317,0.008089544,S (1)
318,0,S (1)
319,0.000403512,S (1)
320,0.035981099,S (1)
321,0.096815623,S (1)
322,0,S (1)
323,0.000392347,S (1)
324,0,S (1)
325,0.005661878,S (1)
326,0.013901184,S (1)
327,0.010021818,S (1)
328,0.100247187,S (1)
329,0,S (1)
330,0.003342354,S (1)
331,0,S (1)
332,0,S (1)
333,0.003297379,S (1)
334,0.000924534,S (1)
335,0,S (1)
336,0.019333719,S (1)
337,0.046135313,S (1)
338,0.062133156,S (1)
339,0.0008164,S (1)
1,0,S (2)
2,0,S (2)
3,0.026177825,S (2)
4,0.00579892,S (2)
5,0,S (2)
6,0.000223873,S (2)
7,0,S (2)
8,0,S (2)
9,0,S (2)
10,0,S (2)
11,0.021822295,S (2)
12,0.014402355,S (2)
13,0,S (2)
14,0,S (2)
15,0.02892552,S (2)
16,0.040359738,S (2)
17,0,S (2)
18,0,S (2)
19,0,S (2)
20,0.028289266,S (2)
21,0.006274236,S (2)
22,0,S (2)
23,0.001636134,S (2)
24,0,S (2)
25,0,S (2)
26,0.001511046,S (2)
27,0,S (2)
28,0,S (2)
29,0,S (2)
30,1.184081931,S (2)
31,0,S (2)
32,0,S (2)
33,0.058495909,S (2)
34,0.006080226,S (2)
35,0,S (2)
36,0,S (2)
37,0,S (2)
38,0.004218471,S (2)
39,0.011579642,S (2)
40,0.029260764,S (2)
41,0.152292103,S (2)
42,0.018811914,S (2)
43,0,S (2)
44,0,S (2)
45,0.033113222,S (2)
46,0,S (2)
47,0,S (2)
48,0,S (2)
49,0.022376474,S (2)
50,0,S (2)
51,0,S (2)
52,0.048934907,S (2)
53,0.002795985,S (2)
54,0,S (2)
55,0,S (2)
56,0,S (2)
57,0.032539774,S (2)
58,0.021458213,S (2)
59,0.01360023,S (2)
60,0.001800336,S (2)
61,0.004050314,S (2)
62,0,S (2)
63,0,S (2)
64,0.001580648,S (2)
65,0.005660287,S (2)
66,0.00226742,S (2)
67,2.70E-05,S (2)
68,0.001771692,S (2)
69,0.003217852,S (2)
70,0,S (2)
71,0,S (2)
72,0.000523268,S (2)
73,0.00382081,S (2)
74,0.002648913,S (2)
75,0,S (2)
76,0.007776245,S (2)
77,0.049670044,S (2)
78,0.00160613,S (2)
79,0,S (2)
80,0,S (2)
81,0.018722896,S (2)
82,0.015386988,S (2)
83,0,S (2)
84,0,S (2)
85,0.006447266,S (2)
86,0.011836372,S (2)
87,0.011550811,S (2)
88,0.008684703,S (2)
89,0,S (2)
90,0,S (2)
91,0.01563263,S (2)
92,0.011377211,S (2)
93,0.006988499,S (2)
94,0.016668616,S (2)
95,0.001775391,S (2)
96,0.030909771,S (2)
97,0.002952228,S (2)
98,0,S (2)
99,0.005326754,S (2)
100,0,S (2)
101,0.009181475,S (2)
102,0.083787684,S (2)
103,0.15351132,S (2)
104,0.005960897,S (2)
105,0.034593306,S (2)
106,0.013863458,S (2)
107,0.003392855,S (2)
108,0,S (2)
109,0.06064004,S (2)
110,0.002299266,S (2)
111,0.042118599,S (2)
112,0.056752087,S (2)
113,0.002597257,S (2)
114,0.013571418,S (2)
115,0.012142991,S (2)
116,0.01139128,S (2)
117,0.048269828,S (2)
118,0.020811732,S (2)
119,0.010787467,S (2)
120,0,S (2)
121,0,S (2)
122,0.00909807,S (2)
123,0.009621757,S (2)
124,0.021585962,S (2)
125,0.003764515,S (2)
126,0.001177937,S (2)
127,0.21110239,S (2)
128,0.001903142,S (2)
129,0.037156107,S (2)
130,0.008093847,S (2)
131,0.003120195,S (2)
132,0.015225471,S (2)
133,0.002791966,S (2)
134,0.01139142,S (2)
135,0.010505009,S (2)
136,0,S (2)
137,0,S (2)
138,0.025564523,S (2)
139,0.011711259,S (2)
140,0,S (2)
141,0.017279125,S (2)
142,0.005221165,S (2)
143,0.003575935,S (2)
144,0.006025717,S (2)
145,0.012693003,S (2)
146,0.005982667,S (2)
147,0.002709316,S (2)
148,0,S (2)
149,0.011384255,S (2)
150,0.005346058,S (2)
151,0.010245168,S (2)
152,0,S (2)
153,0.002563135,S (2)
154,0.01032344,S (2)
155,0.020467249,S (2)
156,0.001744793,S (2)
157,0,S (2)
158,0.028714218,S (2)
159,0.005482161,S (2)
160,0.003275344,S (2)
161,0,S (2)
162,0,S (2)
163,0,S (2)
164,0.0275376,S (2)
165,0.01218045,S (2)
166,0.003900403,S (2)
167,0.030101162,S (2)
168,0.010842021,S (2)
169,0.002567277,S (2)
170,0.005849624,S (2)
171,0.004705953,S (2)
172,0,S (2)
173,0.001092771,S (2)
174,0.004093748,S (2)
175,0.001236976,S (2)
176,0,S (2)
177,0.007569921,S (2)
178,0.023929089,S (2)
179,0,S (2)
180,0.006763329,S (2)
181,0,S (2)
182,0.00156309,S (2)
183,0.019822822,S (2)
184,0.002623299,S (2)
185,0,S (2)
186,0.001990068,S (2)
187,0.014872552,S (2)
188,0.377597572,S (2)
189,0.01123414,S (2)
190,0.001900736,S (2)
191,0.000932517,S (2)
192,0.020404758,S (2)
193,0.003199347,S (2)
194,0,S (2)
195,0.001139244,S (2)
196,0.097295756,S (2)
197,0.006012906,S (2)
198,0,S (2)
199,0.017981195,S (2)
200,0,S (2)
201,0.138483671,S (2)
202,0.020649098,S (2)
203,0,S (2)
204,0.038256573,S (2)
205,0.008034151,S (2)
206,0.078600095,S (2)
207,0.011422358,S (2)
208,0.014362719,S (2)
209,0.00910184,S (2)
210,0.003776284,S (2)
211,0.046579626,S (2)
212,0.004576919,S (2)
213,0.007625485,S (2)
214,0.026990252,S (2)
215,0.008331117,S (2)
216,0,S (2)
217,0.000974225,S (2)
218,0,S (2)
219,0.00516122,S (2)
220,0,S (2)
221,0.037468642,S (2)
222,0,S (2)
223,0.285125836,S (2)
224,0,S (2)
225,0.260242417,S (2)
226,0.003651862,S (2)
227,0.014183149,S (2)
228,0.003955123,S (2)
229,0.034086373,S (2)
230,0,S (2)
231,0.002307698,S (2)
232,0,S (2)
233,0.008245614,S (2)
234,0.016750452,S (2)
235,0.012512239,S (2)
236,0.035982866,S (2)
237,0.001821988,S (2)
238,0.199331515,S (2)
239,0,S (2)
240,0.16326632,S (2)
241,0.005796793,S (2)
242,0.080222695,S (2)
243,0.290404878,S (2)
244,0.007416136,S (2)
245,0.007727004,S (2)
246,0.028940881,S (2)
247,2.632162378,S (2)
248,0.091843219,S (2)
249,2.335477521,S (2)
250,0.003625916,S (2)
251,0.013603745,S (2)
252,0.085061033,S (2)
253,0.004263516,S (2)
254,0.053651605,S (2)
255,0,S (2)
256,0.16093799,S (2)
257,0.169998599,S (2)
258,0,S (2)
259,0.056487297,S (2)
260,0.142238441,S (2)
261,0.018281445,S (2)
262,0.005271621,S (2)
263,0.034750971,S (2)
264,0.004586354,S (2)
265,0.36277325,S (2)
266,0,S (2)
267,0.622831716,S (2)
268,0.322621763,S (2)
269,0.056972147,S (2)
270,0,S (2)
271,0.002932896,S (2)
272,0.366864736,S (2)
273,0.03498785,S (2)
274,0.005194162,S (2)
275,0.004015237,S (2)
276,0,S (2)
277,0.00102705,S (2)
278,0.031578479,S (2)
279,0.020685442,S (2)
280,0.246489748,S (2)
281,0.005914631,S (2)
282,0.017560496,S (2)
283,0.054322402,S (2)
284,0,S (2)
285,0.002213259,S (2)
286,0.026654292,S (2)
287,0.006267073,S (2)
288,0.024252818,S (2)
289,0.001299789,S (2)
290,0,S (2)
291,0.035154076,S (2)
292,0.070377806,S (2)
293,0.025687875,S (2)
294,0,S (2)
295,0.03630944,S (2)
296,0.021581031,S (2)
297,0.087977327,S (2)
298,0.038621518,S (2)
299,0.001045699,S (2)
300,0.024289892,S (2)
301,0.16733386,S (2)
302,0,S (2)
303,0,S (2)
304,0,S (2)
305,0,S (2)
306,5.180254292,S (2)
307,0.005448955,S (2)
308,3.31897223,S (2)
309,0.019783828,S (2)
310,0.002377136,S (2)
311,0.005038031,S (2)
312,0.537268752,S (2)
313,0.228520284,S (2)
314,0,S (2)
315,0.0122567,S (2)
316,0.027836346,S (2)
317,0.008948047,S (2)
318,0.033956024,S (2)
319,0.000418295,S (2)
320,0.006147465,S (2)
321,0.133674508,S (2)
322,0.000531508,S (2)
323,0.000379947,S (2)
324,0.000999786,S (2)
325,0.00303601,S (2)
326,0.00130071,S (2)
327,0,S (2)
328,0,S (2)
329,0.00047114,S (2)
330,0.002430466,S (2)
331,0,S (2)
332,0.00230843,S (2)
333,0.002494772,S (2)
334,0.001119992,S (2)
335,0.000740211,S (2)
336,0,S (2)
337,0.017970606,S (2)
338,0.02990231,S (2)
339,0.000936715,S (2)
1,0,ST (1)
2,0,ST (1)
3,0.040016816,ST (1)
4,0.013930327,ST (1)
5,0,ST (1)
6,0,ST (1)
7,0.001037275,ST (1)
8,0,ST (1)
9,0.030082794,ST (1)
10,0.004915109,ST (1)
11,0.010142048,ST (1)
12,0.002786655,ST (1)
13,0.284542791,ST (1)
14,0.004342309,ST (1)
15,0.043987697,ST (1)
16,0.035830044,ST (1)
17,0.005588252,ST (1)
18,0,ST (1)
19,0.003406832,ST (1)
20,0.346215227,ST (1)
21,0,ST (1)
22,0.000945888,ST (1)
23,0.003350776,ST (1)
24,0.005378551,ST (1)
25,0,ST (1)
26,0.001070258,ST (1)
27,0.002023945,ST (1)
28,0.00620102,ST (1)
29,0.00264627,ST (1)
30,2.589498939,ST (1)
31,0.059913533,ST (1)
32,0.00309629,ST (1)
33,0.036464328,ST (1)
34,0.003557969,ST (1)
35,0.000582744,ST (1)
36,0,ST (1)
37,0,ST (1)
38,0.005079786,ST (1)
39,0.019854004,ST (1)
40,0.041511788,ST (1)
41,0.232927186,ST (1)
42,0.023167515,ST (1)
43,0,ST (1)
44,0.005762548,ST (1)
45,0.038090569,ST (1)
46,0,ST (1)
47,0,ST (1)
48,0.008306776,ST (1)
49,0.021348171,ST (1)
50,0,ST (1)
51,0.003727608,ST (1)
52,0.012209342,ST (1)
53,0.003008739,ST (1)
54,0.000904682,ST (1)
55,0.001194139,ST (1)
56,0.00063776,ST (1)
57,0.026283372,ST (1)
58,0.032406724,ST (1)
59,0.044269621,ST (1)
60,0.002508981,ST (1)
61,0.002386036,ST (1)
62,0.038353321,ST (1)
63,0,ST (1)
64,0.001181417,ST (1)
65,0.003649434,ST (1)
66,0.004064735,ST (1)
67,0.000154067,ST (1)
68,0.000716468,ST (1)
69,0.005868305,ST (1)
70,0.001043579,ST (1)
71,0.009660731,ST (1)
72,0,ST (1)
73,0.009751137,ST (1)
74,0.004508837,ST (1)
75,0.004976176,ST (1)
76,0.00686237,ST (1)
77,0.034892713,ST (1)
78,0.01708509,ST (1)
79,0.00524458,ST (1)
80,0.019972569,ST (1)
81,0.015120116,ST (1)
82,0.024982799,ST (1)
83,0.000525903,ST (1)
84,0.005917636,ST (1)
85,0.011293439,ST (1)
86,0.009096002,ST (1)
87,0.009812068,ST (1)
88,0.007664768,ST (1)
89,0.000574174,ST (1)
90,0,ST (1)
91,0,ST (1)
92,0.023757461,ST (1)
93,0.008736279,ST (1)
94,0.029932536,ST (1)
95,0.001370705,ST (1)
96,0.024142755,ST (1)
97,0.002591834,ST (1)
98,0.003072477,ST (1)
99,0.004658552,ST (1)
100,0.001434606,ST (1)
101,0.010982769,ST (1)
102,0.250255633,ST (1)
103,0.107725839,ST (1)
104,0.014961381,ST (1)
105,0.091931449,ST (1)
106,0.013692439,ST (1)
107,0.004365521,ST (1)
108,0.013945361,ST (1)
109,0.052051234,ST (1)
110,0.001604352,ST (1)
111,0.063969596,ST (1)
112,0.01006689,ST (1)
113,0.010894711,ST (1)
114,0.019526197,ST (1)
115,0.016374205,ST (1)
116,0.022825602,ST (1)
117,0.015227041,ST (1)
118,0.021423575,ST (1)
119,0.014307776,ST (1)
120,0.009701864,ST (1)
121,0.00994526,ST (1)
122,0.00662976,ST (1)
123,0.010779595,ST (1)
124,0.03837401,ST (1)
125,0.003675365,ST (1)
126,0,ST (1)
127,0.221737475,ST (1)
128,0.007927011,ST (1)
129,0.056052889,ST (1)
130,0.0112816,ST (1)
131,0.003285079,ST (1)
132,0.030292215,ST (1)
133,0.002008276,ST (1)
134,0.007939282,ST (1)
135,0.018909149,ST (1)
136,0.000814129,ST (1)
137,0.001125114,ST (1)
138,0.023269112,ST (1)
139,0.011299891,ST (1)
140,0.01358839,ST (1)
141,0.003837392,ST (1)
142,0,ST (1)
143,0,ST (1)
144,0.006171115,ST (1)
145,0.016073982,ST (1)
146,0.005151015,ST (1)
147,0.003194215,ST (1)
148,0.00053027,ST (1)
149,0.006601537,ST (1)
150,0.004992153,ST (1)
151,0.024730549,ST (1)
152,0.000862864,ST (1)
153,0.011828342,ST (1)
154,0.013068493,ST (1)
155,0.01663903,ST (1)
156,0.001610174,ST (1)
157,0.000801549,ST (1)
158,0,ST (1)
159,0.015432661,ST (1)
160,0.002400102,ST (1)
161,0,ST (1)
162,0.003945484,ST (1)
163,0.010827005,ST (1)
164,0.055190136,ST (1)
165,0.008943145,ST (1)
166,0.002549505,ST (1)
167,0.853103896,ST (1)
168,0.006426521,ST (1)
169,0.005560822,ST (1)
170,0.003179609,ST (1)
171,0.007988113,ST (1)
172,0.084412725,ST (1)
173,0.002980734,ST (1)
174,0.004358722,ST (1)
175,0.000473453,ST (1)
176,0.012579818,ST (1)
177,0.014398182,ST (1)
178,0.007988789,ST (1)
179,0.063588697,ST (1)
180,0.014386667,ST (1)
181,0.002052296,ST (1)
182,0.001521526,ST (1)
183,0.014309927,ST (1)
184,0.005301322,ST (1)
185,0.006647148,ST (1)
186,0.002223272,ST (1)
187,0.013999149,ST (1)
188,0.239364699,ST (1)
189,0.009756957,ST (1)
190,0.002186573,ST (1)
191,0.001956122,ST (1)
192,0.027728568,ST (1)
193,0.002751812,ST (1)
194,0.003477064,ST (1)
195,0.001564034,ST (1)
196,0.214072459,ST (1)
197,0.004300113,ST (1)
198,0.004283797,ST (1)
199,0.022329325,ST (1)
200,0,ST (1)
201,0.121992239,ST (1)
202,0.029303677,ST (1)
203,0.004379118,ST (1)
204,0.059897771,ST (1)
205,0,ST (1)
206,0.072967014,ST (1)
207,0.01588226,ST (1)
208,0.008963818,ST (1)
209,0.019110924,ST (1)
210,0.00340102,ST (1)
211,0.068098096,ST (1)
212,0.011847453,ST (1)
213,0.020469724,ST (1)
214,0,ST (1)
215,0.01548861,ST (1)
216,0.007891588,ST (1)
217,0.000423726,ST (1)
218,0.045975204,ST (1)
219,0.024918783,ST (1)
220,0,ST (1)
221,0.007096466,ST (1)
222,0.012456691,ST (1)
223,0,ST (1)
224,0.008541091,ST (1)
225,0.233569639,ST (1)
226,0.015414659,ST (1)
227,0.0070712,ST (1)
228,0.007608842,ST (1)
229,0.049728714,ST (1)
230,0.08651183,ST (1)
231,0.005427898,ST (1)
232,0,ST (1)
233,0.038418365,ST (1)
234,0.061904121,ST (1)
235,0.041031338,ST (1)
236,0,ST (1)
237,0.010598962,ST (1)
238,0.467479212,ST (1)
239,0.010715888,ST (1)
240,0.12700787,ST (1)
241,0.026825268,ST (1)
242,0,ST (1)
243,0.382013179,ST (1)
244,0.019667962,ST (1)
245,0.059769763,ST (1)
246,0.134036199,ST (1)
247,3.988137276,ST (1)
248,0.429571899,ST (1)
249,1.591337942,ST (1)
250,0.006729656,ST (1)
251,0.002078303,ST (1)
252,0,ST (1)
253,0.014692068,ST (1)
254,0.276490864,ST (1)
255,0.224190285,ST (1)
256,0,ST (1)
257,0.161012889,ST (1)
258,0,ST (1)
259,0.003928705,ST (1)
260,0.241238316,ST (1)
261,0.16105271,ST (1)
262,0.007105696,ST (1)
263,0.108651808,ST (1)
264,0,ST (1)
265,0.296769078,ST (1)
266,0.06031181,ST (1)
267,0.481885506,ST (1)
268,0.03664567,ST (1)
269,0,ST (1)
270,0.009882041,ST (1)
271,0.005112111,ST (1)
272,0.079977887,ST (1)
273,0.243185111,ST (1)
274,0.029347441,ST (1)
275,0.004083147,ST (1)
276,0.085872006,ST (1)
277,0.001756403,ST (1)
278,0.213053823,ST (1)
279,0.165991718,ST (1)
280,0.531495523,ST (1)
281,0.045865635,ST (1)
282,0.154706166,ST (1)
283,0.042382964,ST (1)
284,0.003158536,ST (1)
285,0,ST (1)
286,0.246451589,ST (1)
287,0,ST (1)
288,0.16568533,ST (1)
289,0.000765727,ST (1)
290,0.002907331,ST (1)
291,0.124452918,ST (1)
292,0.291670102,ST (1)
293,0.485857733,ST (1)
294,0.042117695,ST (1)
295,0.570434937,ST (1)
296,0,ST (1)
297,0.064750927,ST (1)
298,0.379554471,ST (1)
299,0.016469572,ST (1)
300,0.179046982,ST (1)
301,0.232178103,ST (1)
302,0.132613228,ST (1)
303,0.01657954,ST (1)
304,0,ST (1)
305,0.013145082,ST (1)
306,3.757556526,ST (1)
307,0.029577587,ST (1)
308,3.275856192,ST (1)
309,0.095726042,ST (1)
310,0.001497183,ST (1)
311,0.008398179,ST (1)
312,0.783307894,ST (1)
313,0.222611005,ST (1)
314,0.000262941,ST (1)
315,0.01672349,ST (1)
316,0,ST (1)
317,0.00435662,ST (1)
318,0,ST (1)
319,0.000203638,ST (1)
320,0,ST (1)
321,0.250444419,ST (1)
322,0.00030239,ST (1)
323,0.000238496,ST (1)
324,0,ST (1)
325,0.003672811,ST (1)
326,0.009211962,ST (1)
327,0.002031895,ST (1)
328,0.060448024,ST (1)
329,0.000214078,ST (1)
330,0,ST (1)
331,0.014831972,ST (1)
332,0.001350142,ST (1)
333,0,ST (1)
334,0.000528057,ST (1)
335,0.000447583,ST (1)
336,0.037375416,ST (1)
337,0.008467661,ST (1)
338,0.025560613,ST (1)
339,0.005511167,ST (1)
1,0,ST (2)
2,0,ST (2)
3,0.037834575,ST (2)
4,0.004275684,ST (2)
5,0,ST (2)
6,0,ST (2)
7,0.001158568,ST (2)
8,0,ST (2)
9,0.019690752,ST (2)
10,0,ST (2)
11,0.012963687,ST (2)
12,0.004725244,ST (2)
13,0.173029649,ST (2)
14,0.00188977,ST (2)
15,0.071114312,ST (2)
16,0.014395628,ST (2)
17,0,ST (2)
18,0,ST (2)
19,0.002798629,ST (2)
20,0.349829448,ST (2)
21,0.004167644,ST (2)
22,0.003365834,ST (2)
23,0.001786771,ST (2)
24,0.00665689,ST (2)
25,0,ST (2)
26,0.00123484,ST (2)
27,0,ST (2)
28,0.007557611,ST (2)
29,0.002751362,ST (2)
30,2.341347198,ST (2)
31,0.031180764,ST (2)
32,0.00388168,ST (2)
33,0.043775565,ST (2)
34,0.00360835,ST (2)
35,0.00043509,ST (2)
36,0.009894626,ST (2)
37,0,ST (2)
38,0.010921423,ST (2)
39,0.003426023,ST (2)
40,0.045816776,ST (2)
41,0.233075034,ST (2)
42,0.024066864,ST (2)
43,0,ST (2)
44,0,ST (2)
45,0.044241381,ST (2)
46,0,ST (2)
47,0,ST (2)
48,0.007866612,ST (2)
49,0.028537719,ST (2)
50,0.001873932,ST (2)
51,0.002583667,ST (2)
52,0.000835449,ST (2)
53,0.004067868,ST (2)
54,0.000751029,ST (2)
55,0.000903763,ST (2)
56,0.000442901,ST (2)
57,0.026426008,ST (2)
58,0.05668199,ST (2)
59,0.035260826,ST (2)
60,0.002422043,ST (2)
61,0.009969279,ST (2)
62,0.042943106,ST (2)
63,0,ST (2)
64,0.001243068,ST (2)
65,0.003866126,ST (2)
66,0.003533365,ST (2)
67,9.75E-05,ST (2)
68,0,ST (2)
69,0,ST (2)
70,0.007157855,ST (2)
71,0,ST (2)
72,0,ST (2)
73,0.010329443,ST (2)
74,0.002683123,ST (2)
75,0.005270672,ST (2)
76,0.00740135,ST (2)
77,0.006246027,ST (2)
78,0.014639027,ST (2)
79,0.003094543,ST (2)
80,0.012728825,ST (2)
81,0.011395861,ST (2)
82,0.033605044,ST (2)
83,0.000929476,ST (2)
84,0.005073027,ST (2)
85,0.010508012,ST (2)
86,0.010207862,ST (2)
87,0.011269058,ST (2)
88,0.005748688,ST (2)
89,0.001092839,ST (2)
90,0.00083634,ST (2)
91,0.017157435,ST (2)
92,0.018324655,ST (2)
93,0.009124479,ST (2)
94,0.030442005,ST (2)
95,0.001503461,ST (2)
96,0.026109684,ST (2)
97,0.003175557,ST (2)
98,0.003102845,ST (2)
99,0.00441356,ST (2)
100,0.001604655,ST (2)
101,0.01520946,ST (2)
102,0.275289287,ST (2)
103,0.124136235,ST (2)
104,0.00953128,ST (2)
105,0.10428654,ST (2)
106,0.014239829,ST (2)
107,0.003666884,ST (2)
108,0.015079693,ST (2)
109,0.060493065,ST (2)
110,0.001628758,ST (2)
111,0.058875608,ST (2)
112,0.012041405,ST (2)
113,0.009389509,ST (2)
114,0.011971349,ST (2)
115,0.015291524,ST (2)
116,0.009680579,ST (2)
117,0.017238226,ST (2)
118,0.020182547,ST (2)
119,0.012650549,ST (2)
120,0.003650056,ST (2)
121,0.011848467,ST (2)
122,0.003035766,ST (2)
123,0.01134852,ST (2)
124,0,ST (2)
125,0.003308015,ST (2)
126,0.001216813,ST (2)
127,0.261506414,ST (2)
128,0.00702597,ST (2)
129,0.050892441,ST (2)
130,0.052797025,ST (2)
131,0.003358199,ST (2)
132,0.016377736,ST (2)
133,0.003798836,ST (2)
134,0.008134124,ST (2)
135,0.013573049,ST (2)
136,0.001004021,ST (2)
137,0.001937455,ST (2)
138,0.020052748,ST (2)
139,0,ST (2)
140,0,ST (2)
141,0.010379662,ST (2)
142,0.010658392,ST (2)
143,0.003210711,ST (2)
144,0.008118934,ST (2)
145,0.013594633,ST (2)
146,0.012836848,ST (2)
147,0.003330203,ST (2)
148,0.000759439,ST (2)
149,0.007962406,ST (2)
150,0.005054234,ST (2)
151,0.035821785,ST (2)
152,0.001101013,ST (2)
153,0.013916806,ST (2)
154,0,ST (2)
155,0.019461735,ST (2)
156,0.001831859,ST (2)
157,0,ST (2)
158,0.00798276,ST (2)
159,0.008835044,ST (2)
160,0.002147697,ST (2)
161,0,ST (2)
162,0,ST (2)
163,0.010951783,ST (2)
164,0.055181587,ST (2)
165,0.009701956,ST (2)
166,0.00374614,ST (2)
167,0.03225481,ST (2)
168,0.007639538,ST (2)
169,0.003046802,ST (2)
170,0,ST (2)
171,0.009281518,ST (2)
172,0.054327784,ST (2)
173,0.004033514,ST (2)
174,0.004359269,ST (2)
175,0,ST (2)
176,0.016846098,ST (2)
177,0.015673024,ST (2)
178,0.023769468,ST (2)
179,0.08953231,ST (2)
180,0.017226991,ST (2)
181,0.002338709,ST (2)
182,0.000817757,ST (2)
183,0.015839967,ST (2)
184,0.006564716,ST (2)
185,0.008108012,ST (2)
186,0.002031123,ST (2)
187,0.021521892,ST (2)
188,0.287210273,ST (2)
189,0,ST (2)
190,0.002418013,ST (2)
191,0.002116141,ST (2)
192,0.030190462,ST (2)
193,0.002725914,ST (2)
194,0.005206394,ST (2)
195,0,ST (2)
196,0.236843686,ST (2)
197,0.006818494,ST (2)
198,0.008756731,ST (2)
199,0.025865164,ST (2)
200,0.04920162,ST (2)
201,0.143551035,ST (2)
202,0.032528685,ST (2)
203,0,ST (2)
204,0.069023762,ST (2)
205,0.006963698,ST (2)
206,0.113200466,ST (2)
207,0.015642586,ST (2)
208,0,ST (2)
209,0.024154404,ST (2)
210,0.005837989,ST (2)
211,0.180452017,ST (2)
212,0.012684612,ST (2)
213,0.033237085,ST (2)
214,0.056784615,ST (2)
215,0.019449781,ST (2)
216,0.008199079,ST (2)
217,0.000363222,ST (2)
218,0.014864808,ST (2)
219,0.02984873,ST (2)
220,0.156500496,ST (2)
221,0.0090901,ST (2)
222,0.009742686,ST (2)
223,0.362501795,ST (2)
224,0.009892457,ST (2)
225,0.277934003,ST (2)
226,0.016838797,ST (2)
227,0.009352542,ST (2)
228,0.003216604,ST (2)
229,0.076925064,ST (2)
230,0.111462931,ST (2)
231,0.004428965,ST (2)
232,0.011578899,ST (2)
233,0.026029114,ST (2)
234,0.08662562,ST (2)
235,0.050079653,ST (2)
236,0.214177976,ST (2)
237,0.009729242,ST (2)
238,0,ST (2)
239,0.012426052,ST (2)
240,0.147764792,ST (2)
241,0.030967958,ST (2)
242,0,ST (2)
243,0,ST (2)
244,0.033180687,ST (2)
245,0.068265039,ST (2)
246,0.160173002,ST (2)
247,10.16852312,ST (2)
248,0.492424708,ST (2)
249,1.998636602,ST (2)
250,0.007566638,ST (2)
251,0,ST (2)
252,0.245961791,ST (2)
253,0.017618239,ST (2)
254,0,ST (2)
255,0,ST (2)
256,0.600206531,ST (2)
257,0.181175778,ST (2)
258,0,ST (2)
259,0.00483997,ST (2)
260,0.263514831,ST (2)
261,0.089948147,ST (2)
262,0.004082388,ST (2)
263,0.116058081,ST (2)
264,0.003069341,ST (2)
265,0.269423871,ST (2)
266,0.059065082,ST (2)
267,0.45435875,ST (2)
268,0.01296445,ST (2)
269,0.274986799,ST (2)
270,0.016030212,ST (2)
271,0.006052966,ST (2)
272,0.264302407,ST (2)
273,0.329382925,ST (2)
274,0.034187811,ST (2)
275,0.003405886,ST (2)
276,0.074731516,ST (2)
277,0.014302136,ST (2)
278,0.232295679,ST (2)
279,0.218304381,ST (2)
280,0.646990617,ST (2)
281,0.050617174,ST (2)
282,0.121204441,ST (2)
283,0.040052413,ST (2)
284,0.00763532,ST (2)
285,0.003409781,ST (2)
286,0.310286662,ST (2)
287,0.008057368,ST (2)
288,0.107743932,ST (2)
289,0.001532206,ST (2)
290,0.003909035,ST (2)
291,0.138166437,ST (2)
292,0.329100315,ST (2)
293,0.545430513,ST (2)
294,0,ST (2)
295,0.640834908,ST (2)
296,0.170379974,ST (2)
297,0.060190317,ST (2)
298,0.524574509,ST (2)
299,0.018559238,ST (2)
300,0.158127786,ST (2)
301,0.251919913,ST (2)
302,0.084977002,ST (2)
303,0.019509982,ST (2)
304,0.088196911,ST (2)
305,0.095870414,ST (2)
306,9.283673285,ST (2)
307,0.016890741,ST (2)
308,6.521436894,ST (2)
309,0.064371721,ST (2)
310,0.00154496,ST (2)
311,0,ST (2)
312,0.818146583,ST (2)
313,0.40392248,ST (2)
314,0.001017314,ST (2)
315,0.009241551,ST (2)
316,0,ST (2)
317,0,ST (2)
318,0,ST (2)
319,0.000294398,ST (2)
320,0.008153152,ST (2)
321,0.256998577,ST (2)
322,0.000325344,ST (2)
323,0.000220923,ST (2)
324,0.001137918,ST (2)
325,0.004730907,ST (2)
326,0.003561284,ST (2)
327,0.002495204,ST (2)
328,0.024706502,ST (2)
329,0.000258826,ST (2)
330,0,ST (2)
331,0,ST (2)
332,0.002425881,ST (2)
333,0.001685521,ST (2)
334,0.000493999,ST (2)
335,0.000512556,ST (2)
336,0.013954137,ST (2)
337,0,ST (2)
338,0,ST (2)
339,0.002436841,ST (2)
1,0.163455857,T (1)
2,0.002432294,T (1)
3,0.016626796,T (1)
4,0.001796319,T (1)
5,0.001994683,T (1)
6,0,T (1)
7,0.001940562,T (1)
8,0.003917325,T (1)
9,0.064475186,T (1)
10,0.018168205,T (1)
11,0.009290275,T (1)
12,0,T (1)
13,0.186216821,T (1)
14,0.001103152,T (1)
15,0.025547455,T (1)
16,0,T (1)
17,0.003584885,T (1)
18,0.001799033,T (1)
19,0.011514106,T (1)
20,0.086564216,T (1)
21,0,T (1)
22,0.000866361,T (1)
23,0.00347142,T (1)
24,0.018403887,T (1)
25,0.002700272,T (1)
26,0.001045113,T (1)
27,0.028609055,T (1)
28,0.00627723,T (1)
29,0.006470235,T (1)
30,0.689092747,T (1)
31,0.258062221,T (1)
32,0.002515556,T (1)
33,0,T (1)
34,0.006674222,T (1)
35,0.001525977,T (1)
36,0,T (1)
37,0.011905022,T (1)
38,0.009302795,T (1)
39,0.013720912,T (1)
40,0.021695825,T (1)
41,0.080546848,T (1)
42,0.05884664,T (1)
43,0.021664729,T (1)
44,0.015842182,T (1)
45,0.035345742,T (1)
46,0.006105234,T (1)
47,0.010173218,T (1)
48,0.015295322,T (1)
49,0.003498731,T (1)
50,0,T (1)
51,0.003100968,T (1)
52,0.000804034,T (1)
53,0,T (1)
54,0,T (1)
55,0.003753266,T (1)
56,0.008018118,T (1)
57,0.016490651,T (1)
58,0.014722878,T (1)
59,0.10641561,T (1)
60,0.002758824,T (1)
61,0.003943649,T (1)
62,0.107615062,T (1)
63,0.000761548,T (1)
64,0,T (1)
65,0.01112707,T (1)
66,0.006498602,T (1)
67,0.004167753,T (1)
68,0.004787097,T (1)
69,0.005598475,T (1)
70,0.001010836,T (1)
71,0.027430982,T (1)
72,0.00062225,T (1)
73,0.009632565,T (1)
74,0.003879744,T (1)
75,0.005092168,T (1)
76,0.006595043,T (1)
77,0,T (1)
78,0.026694275,T (1)
79,0.029537046,T (1)
80,0.038774077,T (1)
81,0.012635095,T (1)
82,0.076713154,T (1)
83,0,T (1)
84,0.012183823,T (1)
85,0.00609461,T (1)
86,0.005883584,T (1)
87,0.011318493,T (1)
88,0,T (1)
89,0.00043946,T (1)
90,0.001390463,T (1)
91,0.019716644,T (1)
92,0.01953669,T (1)
93,0.002633189,T (1)
94,0.026358552,T (1)
95,0.001634349,T (1)
96,0.022539134,T (1)
97,0.001793767,T (1)
98,0.001331025,T (1)
99,0.002984359,T (1)
100,0.001329425,T (1)
101,0.008088827,T (1)
102,0.398822286,T (1)
103,0.033751338,T (1)
104,0.040780504,T (1)
105,0.177804768,T (1)
106,0.011977516,T (1)
107,0,T (1)
108,0.031950074,T (1)
109,0.028534191,T (1)
110,0.011202224,T (1)
111,0.065454222,T (1)
112,0.067768682,T (1)
113,0.002400534,T (1)
114,0.012060441,T (1)
115,0.028983767,T (1)
116,0.008334157,T (1)
117,0.005308478,T (1)
118,0.019887966,T (1)
119,0.003920226,T (1)
120,0.019282597,T (1)
121,0.009298259,T (1)
122,0.004371877,T (1)
123,0.006213789,T (1)
124,0.020968309,T (1)
125,0.006850832,T (1)
126,0.000632403,T (1)
127,0.005094709,T (1)
128,0.002719526,T (1)
129,0.02258253,T (1)
130,0.00808252,T (1)
131,0.002528019,T (1)
132,0.008304519,T (1)
133,0,T (1)
134,0,T (1)
135,0.008238361,T (1)
136,0.001563354,T (1)
137,0.000647211,T (1)
138,0.010055771,T (1)
139,0.006633438,T (1)
140,0.027945459,T (1)
141,0.000773268,T (1)
142,0.00464309,T (1)
143,0.001205999,T (1)
144,0.003231715,T (1)
145,0.013668721,T (1)
146,0.002443513,T (1)
147,0.003261964,T (1)
148,0.000435566,T (1)
149,0.005976966,T (1)
150,0.003707768,T (1)
151,0.017647108,T (1)
152,0.00093987,T (1)
153,0.032579833,T (1)
154,0,T (1)
155,0.00398329,T (1)
156,0.002448691,T (1)
157,0.001592403,T (1)
158,0.019113023,T (1)
159,0.015178093,T (1)
160,0.003795584,T (1)
161,0.002731595,T (1)
162,0.005912573,T (1)
163,0.014674293,T (1)
164,0.037653045,T (1)
165,0.002881355,T (1)
166,0.00075355,T (1)
167,0,T (1)
168,0.001348831,T (1)
169,0.002868459,T (1)
170,0.004375605,T (1)
171,0.004526132,T (1)
172,0.043110179,T (1)
173,0.003701464,T (1)
174,0.002559189,T (1)
175,0.005686202,T (1)
176,0.017822882,T (1)
177,0.005030899,T (1)
178,0.004819443,T (1)
179,0.040974358,T (1)
180,0.021786433,T (1)
181,0.00223234,T (1)
182,0,T (1)
183,0.004277617,T (1)
184,0.004074863,T (1)
185,0.008889551,T (1)
186,0.000741086,T (1)
187,0.008038618,T (1)
188,0.045095024,T (1)
189,0.0019531,T (1)
190,0.001192721,T (1)
191,0.00189831,T (1)
192,0.00890981,T (1)
193,0.001263418,T (1)
194,0.001158121,T (1)
195,0.000749764,T (1)
196,0.438154034,T (1)
197,0.002967157,T (1)
198,0.005897876,T (1)
199,0,T (1)
200,0.012904839,T (1)
201,0.009954787,T (1)
202,0.016263025,T (1)
203,0.002708072,T (1)
204,0.082571832,T (1)
205,0.01469995,T (1)
206,0.062856837,T (1)
207,0.01137907,T (1)
208,0,T (1)
209,0.020062106,T (1)
210,0.004188517,T (1)
211,0.039737848,T (1)
212,0.017700718,T (1)
213,0.018171704,T (1)
214,0,T (1)
215,0.014767415,T (1)
216,0.007671176,T (1)
217,0.000897475,T (1)
218,0,T (1)
219,0.013289934,T (1)
220,0.051881148,T (1)
221,0.002284115,T (1)
222,0.016506426,T (1)
223,0.19690807,T (1)
224,0.004102267,T (1)
225,0.051558441,T (1)
226,0.007208183,T (1)
227,0.003642029,T (1)
228,0.002424852,T (1)
229,0.01384158,T (1)
230,0.08248408,T (1)
231,0.002540656,T (1)
232,0.014465655,T (1)
233,0.02638431,T (1)
234,0.034689739,T (1)
235,0.024656637,T (1)
236,0.06478887,T (1)
237,0.004903158,T (1)
238,0.243611359,T (1)
239,0.010389028,T (1)
240,0.071070397,T (1)
241,0.012150646,T (1)
242,0.128523364,T (1)
243,0.275752299,T (1)
244,0.02567788,T (1)
245,0.034043704,T (1)
246,0.080850507,T (1)
247,5.559611909,T (1)
248,0.258355252,T (1)
249,0.40034659,T (1)
250,0.001942301,T (1)
251,0.00773806,T (1)
252,0.141368981,T (1)
253,0.008336568,T (1)
254,0.158048145,T (1)
255,0.081615226,T (1)
256,0.297804512,T (1)
257,0.017399919,T (1)
258,0.051386128,T (1)
259,0.003554891,T (1)
260,0.187423188,T (1)
261,0.046553949,T (1)
262,0.003536229,T (1)
263,0.051552674,T (1)
264,0.003018217,T (1)
265,0.127070454,T (1)
266,0.033403831,T (1)
267,0.314143918,T (1)
268,0.015268278,T (1)
269,0,T (1)
270,0.011141307,T (1)
271,0.001245171,T (1)
272,0.16914759,T (1)
273,0.17284967,T (1)
274,0.013032319,T (1)
275,0,T (1)
276,0.032838298,T (1)
277,0.000607478,T (1)
278,0.167606497,T (1)
279,0.132974525,T (1)
280,0,T (1)
281,0.035782595,T (1)
282,0.142891381,T (1)
283,0.025333627,T (1)
284,0.01228348,T (1)
285,0.001586395,T (1)
286,0.207913969,T (1)
287,0.005123546,T (1)
288,0.343429285,T (1)
289,0,T (1)
290,0.00297542,T (1)
291,0.230322682,T (1)
292,0.665563219,T (1)
293,0.341498833,T (1)
294,0.023767636,T (1)
295,0.708295639,T (1)
296,0.325297901,T (1)
297,0.24839271,T (1)
298,0.630052655,T (1)
299,0.023345565,T (1)
300,0.325847029,T (1)
301,0.005592518,T (1)
302,0.147088875,T (1)
303,0.027730031,T (1)
304,0.11782124,T (1)
305,0.026782291,T (1)
306,2.331067678,T (1)
307,0.009179088,T (1)
308,3.767086409,T (1)
309,0.022087186,T (1)
310,0,T (1)
311,0.013109925,T (1)
312,0.26148105,T (1)
313,0.055689281,T (1)
314,0,T (1)
315,0.007605658,T (1)
316,0.014829047,T (1)
317,0.001946435,T (1)
318,0,T (1)
319,0.000127703,T (1)
320,0.11561542,T (1)
321,0.062063631,T (1)
322,0.000302831,T (1)
323,0.00021326,T (1)
324,0,T (1)
325,0,T (1)
326,0,T (1)
327,0,T (1)
328,0.040223265,T (1)
329,0.000188941,T (1)
330,0.00326161,T (1)
331,0.00132586,T (1)
332,0.003222243,T (1)
333,0,T (1)
334,0.000655863,T (1)
335,0.001302243,T (1)
336,0.025107518,T (1)
337,0.006570964,T (1)
338,0.006250342,T (1)
339,0.001320817,T (1)
1,0.05016894,T (2)
2,0.002066294,T (2)
3,0.012059519,T (2)
4,0,T (2)
5,0.00167074,T (2)
6,0.002281642,T (2)
7,0.00211278,T (2)
8,0.003113299,T (2)
9,0.110417868,T (2)
10,0.013137229,T (2)
11,0.020193724,T (2)
12,0.005568264,T (2)
13,0.2927462,T (2)
14,0.001755485,T (2)
15,0.016731337,T (2)
16,0,T (2)
17,0.005397458,T (2)
18,0.001083481,T (2)
19,0.008429325,T (2)
20,0.793666333,T (2)
21,0,T (2)
22,0.001582046,T (2)
23,0.002773314,T (2)
24,0.009460961,T (2)
25,0.002859758,T (2)
26,0.000673509,T (2)
27,0.015702216,T (2)
28,0.004828629,T (2)
29,0.005917897,T (2)
30,0.536754439,T (2)
31,0.216558362,T (2)
32,0.002539428,T (2)
33,0.049675247,T (2)
34,0.007550564,T (2)
35,0.001556467,T (2)
36,0.087943284,T (2)
37,0.006486838,T (2)
38,0.004270639,T (2)
39,0.007072581,T (2)
40,0.020748045,T (2)
41,0.073416737,T (2)
42,0.053281831,T (2)
43,0.010649286,T (2)
44,0.013034387,T (2)
45,0.034718698,T (2)
46,0.009566756,T (2)
47,0.009773833,T (2)
48,0.012900718,T (2)
49,0.004316782,T (2)
50,0,T (2)
51,0.002359194,T (2)
52,0.001560053,T (2)
53,0,T (2)
54,0.001767029,T (2)
55,0.002840058,T (2)
56,0.004869915,T (2)
57,0.018044481,T (2)
58,0.012082673,T (2)
59,0.064777864,T (2)
60,0.001739326,T (2)
61,0.004965713,T (2)
62,0.144268416,T (2)
63,0.002014157,T (2)
64,0.000899727,T (2)
65,0.009276391,T (2)
66,0,T (2)
67,0.002478222,T (2)
68,0.000428558,T (2)
69,0.003678289,T (2)
70,0.000841344,T (2)
71,0.020309308,T (2)
72,0,T (2)
73,0.00598231,T (2)
74,0.00150725,T (2)
75,0.004110247,T (2)
76,0.005445573,T (2)
77,0.002627149,T (2)
78,0.022972679,T (2)
79,0.025237194,T (2)
80,0.017222254,T (2)
81,0.012180666,T (2)
82,0.087303707,T (2)
83,0.000234547,T (2)
84,0.009709019,T (2)
85,0.009061365,T (2)
86,0.005501438,T (2)
87,0.00917635,T (2)
88,0,T (2)
89,0.000739395,T (2)
90,0.001266881,T (2)
91,0.016450843,T (2)
92,0.015236697,T (2)
93,0.00140746,T (2)
94,0.025225948,T (2)
95,0,T (2)
96,0.015014795,T (2)
97,0.001376318,T (2)
98,0.000641958,T (2)
99,0.002356004,T (2)
100,0.001361675,T (2)
101,0.007751982,T (2)
102,0.397325071,T (2)
103,0.02837218,T (2)
104,0.026651296,T (2)
105,0.173120144,T (2)
106,0.010422974,T (2)
107,0.002209687,T (2)
108,0.030583128,T (2)
109,0.020261958,T (2)
110,0.004977558,T (2)
111,0.040018222,T (2)
112,0.010187874,T (2)
113,0.00223835,T (2)
114,0.014829588,T (2)
115,0.023398858,T (2)
116,0.006162683,T (2)
117,0.004724506,T (2)
118,0.016480642,T (2)
119,0.002871553,T (2)
120,0.040708999,T (2)
121,0.007713728,T (2)
122,0.004298453,T (2)
123,0.005633214,T (2)
124,0,T (2)
125,0.005853059,T (2)
126,0.000795817,T (2)
127,0.008081873,T (2)
128,0.002328,T (2)
129,0.018384295,T (2)
130,0.00271322,T (2)
131,0.001899594,T (2)
132,0,T (2)
133,0.000845652,T (2)
134,0.003881546,T (2)
135,0.006863498,T (2)
136,0.001724088,T (2)
137,0.000573948,T (2)
138,0.011227742,T (2)
139,0.007739156,T (2)
140,0.00789268,T (2)
141,0.002337701,T (2)
142,0.009903634,T (2)
143,0.000662759,T (2)
144,0.00268482,T (2)
145,0.012300342,T (2)
146,0.002416538,T (2)
147,0.002288499,T (2)
148,0,T (2)
149,0.004635449,T (2)
150,0.002802448,T (2)
151,0.024099857,T (2)
152,0.00105315,T (2)
153,0.026875306,T (2)
154,0.00639087,T (2)
155,0.003710039,T (2)
156,0.000847212,T (2)
157,0.001220801,T (2)
158,0.008401942,T (2)
159,0.010463589,T (2)
160,0.00243317,T (2)
161,0.002637116,T (2)
162,0.009781869,T (2)
163,0.012179785,T (2)
164,0.026432798,T (2)
165,0.002386429,T (2)
166,0.000867194,T (2)
167,0.015309131,T (2)
168,0.001358859,T (2)
169,0.001030784,T (2)
170,0.00278897,T (2)
171,0.004631276,T (2)
172,0.025580206,T (2)
173,0.003223618,T (2)
174,0.002194581,T (2)
175,0.001363616,T (2)
176,0.014413834,T (2)
177,0.005642593,T (2)
178,0.006581531,T (2)
179,0.042597015,T (2)
180,0.019256317,T (2)
181,0.002716223,T (2)
182,0.000550497,T (2)
183,0.011809437,T (2)
184,0.002798214,T (2)
185,0.009151921,T (2)
186,0.000691434,T (2)
187,0.006573083,T (2)
188,0.051461027,T (2)
189,0.002435519,T (2)
190,0.000943987,T (2)
191,0.00204809,T (2)
192,0.008807136,T (2)
193,0.001104142,T (2)
194,0,T (2)
195,0.000484479,T (2)
196,0.391731882,T (2)
197,0.002725071,T (2)
198,0.005084098,T (2)
199,0.016557753,T (2)
200,0.010967524,T (2)
201,0.009145273,T (2)
202,0.013827391,T (2)
203,0.002449908,T (2)
204,0.070194742,T (2)
205,0.008618465,T (2)
206,0.068052244,T (2)
207,0.019283588,T (2)
208,0.047938035,T (2)
209,0.01663198,T (2)
210,0.00410084,T (2)
211,0,T (2)
212,0.015816159,T (2)
213,0.024117149,T (2)
214,0.008603994,T (2)
215,0.010989609,T (2)
216,0.006558857,T (2)
217,0,T (2)
218,0,T (2)
219,0.010937762,T (2)
220,0.119389899,T (2)
221,0,T (2)
222,0.015738107,T (2)
223,0.16759384,T (2)
224,0.004089939,T (2)
225,0.046766998,T (2)
226,0.00650075,T (2)
227,0.002629684,T (2)
228,0.002862459,T (2)
229,0.023839109,T (2)
230,0.07434939,T (2)
231,0.002068826,T (2)
232,0.00758011,T (2)
233,0.023428497,T (2)
234,0.031881836,T (2)
235,0.022217094,T (2)
236,0.032832086,T (2)
237,0.004980541,T (2)
238,0.2223939,T (2)
239,0.017630061,T (2)
240,0.059732136,T (2)
241,0.01090613,T (2)
242,0.038300538,T (2)
243,0.225639318,T (2)
244,0.02117964,T (2)
245,0.030132992,T (2)
246,0.071474268,T (2)
247,4.917000095,T (2)
248,0.234264822,T (2)
249,0.227878096,T (2)
250,0,T (2)
251,0.008277633,T (2)
252,0.161944072,T (2)
253,0.003316497,T (2)
254,0.213655196,T (2)
255,0,T (2)
256,0.362069353,T (2)
257,0.01651249,T (2)
258,0.063549577,T (2)
259,0.002569533,T (2)
260,0.140768441,T (2)
261,0.040519653,T (2)
262,0.002760465,T (2)
263,0.046508518,T (2)
264,0,T (2)
265,0.163112379,T (2)
266,0.034100216,T (2)
267,0.272478421,T (2)
268,0.032814516,T (2)
269,0.064491554,T (2)
270,0.009301982,T (2)
271,0.001331662,T (2)
272,0.159142057,T (2)
273,0.184899371,T (2)
274,0.012336821,T (2)
275,0.001189244,T (2)
276,0.05788303,T (2)
277,0.000486513,T (2)
278,0.150804203,T (2)
279,0.121945478,T (2)
280,0,T (2)
281,0.030607167,T (2)
282,0.096444917,T (2)
283,0.022565501,T (2)
284,0.012246131,T (2)
285,0.001270956,T (2)
286,0.254077188,T (2)
287,0.004540098,T (2)
288,0.203532373,T (2)
289,0.000549356,T (2)
290,0.002947828,T (2)
291,0.203680094,T (2)
292,0.520181504,T (2)
293,0.318882587,T (2)
294,0,T (2)
295,0.670738158,T (2)
296,0.306138786,T (2)
297,0.216291578,T (2)
298,0.606057255,T (2)
299,0.021508476,T (2)
300,0.304197787,T (2)
301,0.013155749,T (2)
302,0.162897066,T (2)
303,0.018681115,T (2)
304,0.239993431,T (2)
305,0.008115529,T (2)
306,2.188706148,T (2)
307,0.008550887,T (2)
308,3.931877613,T (2)
309,0,T (2)
310,0.001021575,T (2)
311,0.001474911,T (2)
312,0.273411088,T (2)
313,0.057654862,T (2)
314,0.00025653,T (2)
315,0.005104603,T (2)
316,0.002086336,T (2)
317,0.002407213,T (2)
318,0.03004826,T (2)
319,0,T (2)
320,0.03635525,T (2)
321,0.083565545,T (2)
322,0,T (2)
323,0.000149669,T (2)
324,0.000299388,T (2)
325,0.00270268,T (2)
326,0.001657277,T (2)
327,0.001445539,T (2)
328,0,T (2)
329,0,T (2)
330,0.003093328,T (2)
331,0.001808364,T (2)
332,0,T (2)
333,0.001206226,T (2)
334,0.000279737,T (2)
335,0.000341368,T (2)
336,0.003743235,T (2)
337,0,T (2)
338,0,T (2)
339,0,T (2)
1,0.040483542,AT (1)
2,0.002847422,AT (1)
3,0,AT (1)
4,0.005657111,AT (1)
5,0.003282957,AT (1)
6,0.001207591,AT (1)
7,0.002566357,AT (1)
8,0.00544506,AT (1)
9,0.160520307,AT (1)
10,0.035137267,AT (1)
11,0.013226745,AT (1)
12,0.011037707,AT (1)
13,0.295588895,AT (1)
14,0.003614202,AT (1)
15,0.006058435,AT (1)
16,0.010846336,AT (1)
17,0.003621806,AT (1)
18,0.000875867,AT (1)
19,0.018125487,AT (1)
20,0.585734301,AT (1)
21,0.027615898,AT (1)
22,0.000379516,AT (1)
23,0.006192183,AT (1)
24,0.027398964,AT (1)
25,0.007762868,AT (1)
26,0.000762028,AT (1)
27,0.030958724,AT (1)
28,0.009883272,AT (1)
29,0.00911959,AT (1)
30,0.189489239,AT (1)
31,0.152602535,AT (1)
32,0.002345439,AT (1)
33,0,AT (1)
34,0.011864366,AT (1)
35,0.007804826,AT (1)
36,0.02731175,AT (1)
37,0.012282152,AT (1)
38,0.001566323,AT (1)
39,0.006966558,AT (1)
40,0.01558287,AT (1)
41,0.020507521,AT (1)
42,0.003863825,AT (1)
43,0.021134683,AT (1)
44,0.021392018,AT (1)
45,0.020342952,AT (1)
46,0.005773036,AT (1)
47,0.019302755,AT (1)
48,0.02304527,AT (1)
49,0.000739877,AT (1)
50,0.003622201,AT (1)
51,0.003796566,AT (1)
52,0,AT (1)
53,0.000873227,AT (1)
54,0.005482662,AT (1)
55,0,AT (1)
56,0.004264575,AT (1)
57,0.013875803,AT (1)
58,0,AT (1)
59,0.012192447,AT (1)
60,0.000817044,AT (1)
61,0,AT (1)
62,0.302416833,AT (1)
63,0.001406594,AT (1)
64,0.002027622,AT (1)
65,0.016881079,AT (1)
66,0.004281847,AT (1)
67,6.06E-05,AT (1)
68,0.001605558,AT (1)
69,0.007507403,AT (1)
70,0.000510964,AT (1)
71,0.018979794,AT (1)
72,0.000350038,AT (1)
73,0.008684196,AT (1)
74,0.000624747,AT (1)
75,0.001102949,AT (1)
76,0.008495471,AT (1)
77,0.003438654,AT (1)
78,0.031668251,AT (1)
79,0.015534854,AT (1)
80,0.017739555,AT (1)
81,0.018171585,AT (1)
82,0.064664804,AT (1)
83,0.000303628,AT (1)
84,0.010711053,AT (1)
85,0.001072501,AT (1)
86,0.007929877,AT (1)
87,0.00677504,AT (1)
88,0.002988076,AT (1)
89,0.001682694,AT (1)
90,0.00114833,AT (1)
91,0.026965512,AT (1)
92,0.021081859,AT (1)
93,0.000567343,AT (1)
94,0.028049746,AT (1)
95,0.00237321,AT (1)
96,0.023369122,AT (1)
97,0.001302128,AT (1)
98,0.001722679,AT (1)
99,0.004832631,AT (1)
100,0.001687581,AT (1)
101,0.006578338,AT (1)
102,0.484136349,AT (1)
103,0.006297339,AT (1)
104,0.022718763,AT (1)
105,0.221311463,AT (1)
106,0.000471677,AT (1)
107,0.000818229,AT (1)
108,0.040746633,AT (1)
109,0.007848554,AT (1)
110,0.006394334,AT (1)
111,0.074866709,AT (1)
112,0.002825001,AT (1)
113,0.001873304,AT (1)
114,0.008843071,AT (1)
115,0.013052665,AT (1)
116,0.011508145,AT (1)
117,0.004454063,AT (1)
118,0.015340985,AT (1)
119,0.001273962,AT (1)
120,0.008836434,AT (1)
121,0.007388379,AT (1)
122,0.005821932,AT (1)
123,0.005864715,AT (1)
124,0.027036241,AT (1)
125,0,AT (1)
126,0.001795112,AT (1)
127,0,AT (1)
128,0.003506555,AT (1)
129,0.021591379,AT (1)
130,0.003686532,AT (1)
131,0.000837756,AT (1)
132,0.004586191,AT (1)
133,0.000447266,AT (1)
134,0.002403794,AT (1)
135,0.007410741,AT (1)
136,0.002239575,AT (1)
137,0.000927269,AT (1)
138,0.009360258,AT (1)
139,0.005926448,AT (1)
140,0.007268889,AT (1)
141,0.00045173,AT (1)
142,0,AT (1)
143,0.001681064,AT (1)
144,0.002044068,AT (1)
145,0.015205565,AT (1)
146,0.0021426,AT (1)
147,0,AT (1)
148,0.000209817,AT (1)
149,0.005461846,AT (1)
150,0.005368508,AT (1)
151,0,AT (1)
152,0.001309143,AT (1)
153,0.026865701,AT (1)
154,0.00652969,AT (1)
155,0.000306952,AT (1)
156,0.001787185,AT (1)
157,0.000678134,AT (1)
158,0.009440505,AT (1)
159,0.011497276,AT (1)
160,0.000407179,AT (1)
161,0.002930652,AT (1)
162,0.01189416,AT (1)
163,0.028050192,AT (1)
164,0.025922988,AT (1)
165,0.001881557,AT (1)
166,0.000519897,AT (1)
167,0.008008234,AT (1)
168,0.001284429,AT (1)
169,0.001328086,AT (1)
170,0,AT (1)
171,0.004412433,AT (1)
172,0.018340844,AT (1)
173,0.004224894,AT (1)
174,0.002770845,AT (1)
175,0,AT (1)
176,0.027943028,AT (1)
177,0.004278655,AT (1)
178,0,AT (1)
179,0.031909201,AT (1)
180,0.038138981,AT (1)
181,0.00538161,AT (1)
182,0,AT (1)
183,0.002645431,AT (1)
184,0.003125785,AT (1)
185,0.014595086,AT (1)
186,0.001008826,AT (1)
187,0.004776858,AT (1)
188,0.06784374,AT (1)
189,0.001646853,AT (1)
190,0.001006402,AT (1)
191,0.003133984,AT (1)
192,0.00229642,AT (1)
193,0.000741824,AT (1)
194,0.000439382,AT (1)
195,0.000383003,AT (1)
196,0.73158703,AT (1)
197,0.003177344,AT (1)
198,0.00833672,AT (1)
199,0.007603757,AT (1)
200,0.014135147,AT (1)
201,0,AT (1)
202,0.009987043,AT (1)
203,0.004046809,AT (1)
204,0.125248371,AT (1)
205,0,AT (1)
206,0.038242479,AT (1)
207,0.006836169,AT (1)
208,0.016118586,AT (1)
209,0.026163255,AT (1)
210,0.004808966,AT (1)
211,0.025230691,AT (1)
212,0.029931049,AT (1)
213,0.01916922,AT (1)
214,0.015685177,AT (1)
215,0.022765056,AT (1)
216,0.008026267,AT (1)
217,0,AT (1)
218,0,AT (1)
219,0.012065794,AT (1)
220,0,AT (1)
221,0.001311191,AT (1)
222,0.019761995,AT (1)
223,0.118309794,AT (1)
224,0.003745758,AT (1)
225,0.007314571,AT (1)
226,0.002831279,AT (1)
227,0,AT (1)
228,0.000837893,AT (1)
229,0,AT (1)
230,0.048428758,AT (1)
231,0.002479406,AT (1)
232,0.015519495,AT (1)
233,0.030973354,AT (1)
234,0.043402024,AT (1)
235,0.025401877,AT (1)
236,0.05881189,AT (1)
237,0.003873745,AT (1)
238,0.294969999,AT (1)
239,0.011339499,AT (1)
240,0.040851476,AT (1)
241,0.006814741,AT (1)
242,0.068091867,AT (1)
243,0,AT (1)
244,0.028796822,AT (1)
245,0.032953249,AT (1)
246,0.066881808,AT (1)
247,4.63665047,AT (1)
248,0.21129652,AT (1)
249,0.210324003,AT (1)
250,0.001089611,AT (1)
251,0.005970392,AT (1)
252,0.081259434,AT (1)
253,0.003050986,AT (1)
254,0.043868941,AT (1)
255,0.110341477,AT (1)
256,0.153703384,AT (1)
257,0.00546303,AT (1)
258,0.050927552,AT (1)
259,0.001840205,AT (1)
260,0.051846671,AT (1)
261,0.049083005,AT (1)
262,0.002742422,AT (1)
263,0.044618057,AT (1)
264,0,AT (1)
265,0.081733671,AT (1)
266,0.014820117,AT (1)
267,0.232146857,AT (1)
268,0.031083386,AT (1)
269,0.018972609,AT (1)
270,0.012790391,AT (1)
271,0,AT (1)
272,0.130398549,AT (1)
273,0.02032223,AT (1)
274,0.004516386,AT (1)
275,0,AT (1)
276,0.016613174,AT (1)
277,0,AT (1)
278,0.048119577,AT (1)
279,0.048856613,AT (1)
280,0.097773031,AT (1)
281,0.009410123,AT (1)
282,0.02574836,AT (1)
283,0.014762225,AT (1)
284,0.00126508,AT (1)
285,0.000645484,AT (1)
286,0.07819709,AT (1)
287,0.004571894,AT (1)
288,0.064688017,AT (1)
289,0.0013122,AT (1)
290,0.000471745,AT (1)
291,0.05610148,AT (1)
292,0,AT (1)
293,0.117702716,AT (1)
294,0.009036327,AT (1)
295,0.103633929,AT (1)
296,0.059306006,AT (1)
297,0.266293785,AT (1)
298,0.057802037,AT (1)
299,0.002653809,AT (1)
300,0.041320978,AT (1)
301,0.000520254,AT (1)
302,0.030083547,AT (1)
303,0.009609328,AT (1)
304,0.018898031,AT (1)
305,0.007259171,AT (1)
306,0,AT (1)
307,0.001493442,AT (1)
308,0.004622387,AT (1)
309,0.003616257,AT (1)
310,0.000455261,AT (1)
311,0.001009361,AT (1)
312,0,AT (1)
313,0,AT (1)
314,0.000207027,AT (1)
315,0,AT (1)
316,0,AT (1)
317,0,AT (1)
318,0.002848937,AT (1)
319,0,AT (1)
320,0.072833841,AT (1)
321,0,AT (1)
322,0,AT (1)
323,0,AT (1)
324,0.000258898,AT (1)
325,0.001202388,AT (1)
326,0.000285206,AT (1)
327,0.000968493,AT (1)
328,0.029185277,AT (1)
329,0,AT (1)
330,0.002371639,AT (1)
331,0,AT (1)
332,0.000911062,AT (1)
333,0.001010727,AT (1)
334,0,AT (1)
335,0.000810124,AT (1)
336,0.010659412,AT (1)
337,0.002494333,AT (1)
338,0.002178992,AT (1)
339,0,AT (1)
1,0.051093285,AT (2)
2,0.00113104,AT (2)
3,0,AT (2)
4,0.006097506,AT (2)
5,0.001401055,AT (2)
6,0.001541606,AT (2)
7,0.001544419,AT (2)
8,0.002318975,AT (2)
9,0.057114622,AT (2)
10,0.002042428,AT (2)
11,0.011146059,AT (2)
12,0.015685594,AT (2)
13,0.140011752,AT (2)
14,0.000756513,AT (2)
15,0.032930647,AT (2)
16,0.006631119,AT (2)
17,0.003841762,AT (2)
18,0.000953085,AT (2)
19,0.005368229,AT (2)
20,0.2959842,AT (2)
21,0.003859951,AT (2)
22,0,AT (2)
23,0.001504991,AT (2)
24,0.002157363,AT (2)
25,0.004429347,AT (2)
26,0,AT (2)
27,0.009614879,AT (2)
28,0,AT (2)
29,0.00106329,AT (2)
30,0.022223998,AT (2)
31,0.055006846,AT (2)
32,0,AT (2)
33,0.039395233,AT (2)
34,0.00376005,AT (2)
35,0.003319446,AT (2)
36,0.03524836,AT (2)
37,0.004022168,AT (2)
38,0,AT (2)
39,0,AT (2)
40,0.008415289,AT (2)
41,0.002241044,AT (2)
42,0,AT (2)
43,0.008346261,AT (2)
44,0.006114448,AT (2)
45,0.010305949,AT (2)
46,0.004436289,AT (2)
47,0.010215723,AT (2)
48,0.010731952,AT (2)
49,0,AT (2)
50,0.000823463,AT (2)
51,0,AT (2)
52,0.000475657,AT (2)
53,0.000233444,AT (2)
54,0.001212108,AT (2)
55,0,AT (2)
56,0.001498779,AT (2)
57,0.005060517,AT (2)
58,0.020490151,AT (2)
59,0.003940675,AT (2)
60,0,AT (2)
61,0,AT (2)
62,0.023826276,AT (2)
63,0.000454844,AT (2)
64,0,AT (2)
65,0.0053164,AT (2)
66,0,AT (2)
67,0,AT (2)
68,0.000658423,AT (2)
69,0.002184556,AT (2)
70,0.000532272,AT (2)
71,0.009037719,AT (2)
72,0.000399379,AT (2)
73,0,AT (2)
74,0,AT (2)
75,0,AT (2)
76,0.002547166,AT (2)
77,0,AT (2)
78,0.020055496,AT (2)
79,0.005264313,AT (2)
80,0.006754702,AT (2)
81,0.003265554,AT (2)
82,0.024048688,AT (2)
83,0,AT (2)
84,0.005194436,AT (2)
85,0,AT (2)
86,0.003604397,AT (2)
87,0.004828767,AT (2)
88,0,AT (2)
89,0,AT (2)
90,0.000264535,AT (2)
91,0.008212244,AT (2)
92,0.007618469,AT (2)
93,0,AT (2)
94,0.014274364,AT (2)
95,0,AT (2)
96,0.008015072,AT (2)
97,0,AT (2)
98,0,AT (2)
99,0,AT (2)
100,0.000918617,AT (2)
101,0,AT (2)
102,0.274175753,AT (2)
103,0.001601643,AT (2)
104,0.005218873,AT (2)
105,0.331121095,AT (2)
106,0,AT (2)
107,0,AT (2)
108,0.020031287,AT (2)
109,0.003358303,AT (2)
110,0,AT (2)
111,0.022883367,AT (2)
112,0,AT (2)
113,0,AT (2)
114,0.005474463,AT (2)
115,0,AT (2)
116,0.001059041,AT (2)
117,0.001511329,AT (2)
118,0.008853548,AT (2)
119,0,AT (2)
120,0.004066563,AT (2)
121,0.002298991,AT (2)
122,0.001460591,AT (2)
123,0.002119728,AT (2)
124,0.004185157,AT (2)
125,0,AT (2)
126,0.00042783,AT (2)
127,0,AT (2)
128,0.00190861,AT (2)
129,0.008936118,AT (2)
130,0.002564288,AT (2)
131,0,AT (2)
132,0,AT (2)
133,0,AT (2)
134,0,AT (2)
135,0,AT (2)
136,0.001245605,AT (2)
137,0.000491089,AT (2)
138,0.004594686,AT (2)
139,0,AT (2)
140,0.00604897,AT (2)
141,0,AT (2)
142,0.001155094,AT (2)
143,0,AT (2)
144,0.001300843,AT (2)
145,0.003287822,AT (2)
146,0.001518443,AT (2)
147,0,AT (2)
148,0,AT (2)
149,0.001848511,AT (2)
150,0,AT (2)
151,0,AT (2)
152,0.000537543,AT (2)
153,0,AT (2)
154,0,AT (2)
155,0.000574108,AT (2)
156,0.000367965,AT (2)
157,0,AT (2)
158,0.003893844,AT (2)
159,0.0028527,AT (2)
160,0,AT (2)
161,0.002130016,AT (2)
162,0.006800583,AT (2)
163,0.01121155,AT (2)
164,0.007758992,AT (2)
165,0,AT (2)
166,0,AT (2)
167,0.00367621,AT (2)
168,0.000361169,AT (2)
169,0.000901059,AT (2)
170,0,AT (2)
171,0.002208772,AT (2)
172,0.018431634,AT (2)
173,0.001642735,AT (2)
174,0.000857546,AT (2)
175,0,AT (2)
176,0.005991805,AT (2)
177,0.002324216,AT (2)
178,0.001584798,AT (2)
179,0.013845709,AT (2)
180,0,AT (2)
181,0,AT (2)
182,0,AT (2)
183,0.001074378,AT (2)
184,0.000844695,AT (2)
185,0.010005032,AT (2)
186,0,AT (2)
187,0.002321289,AT (2)
188,0.053949068,AT (2)
189,0,AT (2)
190,0.000452918,AT (2)
191,0,AT (2)
192,0.002692511,AT (2)
193,0.000470602,AT (2)
194,0.000750013,AT (2)
195,0.000368157,AT (2)
196,0.330630998,AT (2)
197,0.0008229,AT (2)
198,0,AT (2)
199,0.001240678,AT (2)
200,0,AT (2)
201,0,AT (2)
202,0.002623602,AT (2)
203,0.002421996,AT (2)
204,0,AT (2)
205,0.004090016,AT (2)
206,0.012763415,AT (2)
207,0.001515251,AT (2)
208,0.008060051,AT (2)
209,0.001067005,AT (2)
210,0.004516242,AT (2)
211,0.029424384,AT (2)
212,0.021080395,AT (2)
213,0.01610673,AT (2)
214,0.007796375,AT (2)
215,0,AT (2)
216,0.005539654,AT (2)
217,0.000368215,AT (2)
218,0.008840747,AT (2)
219,0,AT (2)
220,0.017356295,AT (2)
221,0,AT (2)
222,0.01245921,AT (2)
223,0.04158518,AT (2)
224,0.001753467,AT (2)
225,0,AT (2)
226,0,AT (2)
227,0,AT (2)
228,0.000365993,AT (2)
229,0.013723557,AT (2)
230,0.023336028,AT (2)
231,0.002066438,AT (2)
232,0,AT (2)
233,0.012127237,AT (2)
234,0.013047254,AT (2)
235,0,AT (2)
236,0,AT (2)
237,0.002045339,AT (2)
238,0.074696015,AT (2)
239,0.001743685,AT (2)
240,0.018990972,AT (2)
241,0,AT (2)
242,0.005933946,AT (2)
243,0.035193122,AT (2)
244,0.011367243,AT (2)
245,0.005304435,AT (2)
246,0.012997805,AT (2)
247,0.001718955,AT (2)
248,0.023538307,AT (2)
249,0.05760867,AT (2)
250,0.000608441,AT (2)
251,0.006730535,AT (2)
252,0.059094686,AT (2)
253,0.000163921,AT (2)
254,0.019902122,AT (2)
255,0.027976556,AT (2)
256,0.069643013,AT (2)
257,0,AT (2)
258,0.025091015,AT (2)
259,0.001942506,AT (2)
260,0.008825945,AT (2)
261,0.009154677,AT (2)
262,0.00095801,AT (2)
263,0.01084514,AT (2)
264,0.002167244,AT (2)
265,0.047672155,AT (2)
266,0,AT (2)
267,0.127610036,AT (2)
268,0,AT (2)
269,0,AT (2)
270,0,AT (2)
271,0,AT (2)
272,0.070428402,AT (2)
273,0.007186684,AT (2)
274,0.001628898,AT (2)
275,0,AT (2)
276,0,AT (2)
277,0.001524791,AT (2)
278,0,AT (2)
279,0,AT (2)
280,0.007245588,AT (2)
281,0,AT (2)
282,0,AT (2)
283,0.01137332,AT (2)
284,0,AT (2)
285,0.000674711,AT (2)
286,0,AT (2)
287,0,AT (2)
288,0,AT (2)
289,0.00081441,AT (2)
290,0,AT (2)
291,0,AT (2)
292,0,AT (2)
293,0,AT (2)
294,0.014507118,AT (2)
295,0,AT (2)
296,0,AT (2)
297,0,AT (2)
298,0,AT (2)
299,0,AT (2)
300,0,AT (2)
301,0,AT (2)
302,0,AT (2)
303,0,AT (2)
304,0,AT (2)
305,0.016691153,AT (2)
306,0,AT (2)
307,0,AT (2)
308,0,AT (2)
309,0.002527807,AT (2)
310,0.001052789,AT (2)
311,0,AT (2)
312,0,AT (2)
313,0,AT (2)
314,0,AT (2)
315,0.009062693,AT (2)
316,0,AT (2)
317,0,AT (2)
318,0.01126734,AT (2)
319,0,AT (2)
320,0.003633924,AT (2)
321,0,AT (2)
322,0.000294221,AT (2)
323,0,AT (2)
324,0.000310346,AT (2)
325,0.001061323,AT (2)
326,0.000598567,AT (2)
327,0.001554528,AT (2)
328,0,AT (2)
329,8.26E-05,AT (2)
330,0.000911324,AT (2)
331,0.001191265,AT (2)
332,0.005589181,AT (2)
333,0.001750442,AT (2)
334,0,AT (2)
335,0.001241336,AT (2)
336,0.004268801,AT (2)
337,0,AT (2)
338,0.00170488,AT (2)
339,0.000477275,AT (2)
