Compound,A-1,A-2,B-1,B-2,C-1,C-2,D-1,D-2,E-1,E-2,F-1,F-2,G-1,G-2,H-1,H-2,I-1,I-2
1,4.08E-06,3.48E-05,0,1.17E-05,1.88E-05,0,7.89E-05,3.10E-05,3.23E-05,9.92E-05,7.72E-05,5.25E-05,0.000112058,5.91E-05,2.36E-06,4.43E-05,1.78E-05,3.40E-05
2,0,0,2.95E-06,0,0,0,6.97E-06,0.000481663,5.12E-06,0.000179019,2.71E-06,6.90E-06,9.84E-06,0.000108964,0,3.92E-05,3.27E-06,3.29E-06
3,0,0,0,0,0,0,0.000548583,0.000306253,0.000335718,9.91E-05,0.000307221,0.000239629,0.0003067,4.10E-05,0,0.000321863,0.000424159,0.000392623
4,0.000160403,0.000116002,0.000117741,0.000147245,8.64E-05,0.000122587,0.000307079,0.000121675,0.000107733,0.000183864,0.000129384,8.56E-05,0.000238996,0.000111824,0.0001651,0.000219215,0.000116971,0.000130093
5,6.25E-05,0.000137982,0.000147152,0,0,0,0,0,0,0.000579168,0.000477793,0.000407817,0,0,2.20E-05,0.000214166,0.000306288,0.000450875
6,0.00053301,0.000426542,0.000595777,0.000736601,0.002022805,0.000711542,9.82E-05,6.22E-05,4.75E-05,8.38E-05,4.27E-05,4.88E-05,5.03E-05,4.62E-05,7.61E-05,0.000102746,6.37E-05,5.20E-05
7,0,0,0,0,0,0,1.81E-05,1.20E-05,8.18E-06,1.45E-05,9.97E-06,9.59E-06,1.70E-05,1.19E-05,0,1.11E-05,1.17E-05,6.73E-06
8,6.27E-06,4.99E-06,4.77E-06,0,1.88E-06,6.96E-06,4.36E-06,3.34E-06,5.17E-06,5.53E-06,4.91E-06,1.72E-06,0,0,4.48E-06,2.70E-06,2.24E-06,0
9,1.07E-05,1.83E-05,2.87E-05,6.87E-06,1.54E-05,2.20E-05,5.21E-06,0,2.60E-06,0,2.07E-06,4.33E-06,0,0,7.66E-07,0,0,0
10,3.53E-05,2.17E-05,2.65E-05,2.81E-05,2.71E-05,2.47E-05,8.45E-05,2.38E-05,2.80E-05,4.37E-05,2.56E-05,1.47E-05,5.64E-05,1.73E-05,3.34E-05,4.34E-05,2.23E-05,2.63E-05
11,2.39E-05,1.94E-05,2.53E-05,2.56E-05,1.96E-05,2.38E-05,1.71E-05,9.86E-06,9.62E-06,6.98E-06,1.41E-05,4.96E-06,1.43E-05,7.15E-06,6.27E-06,1.02E-05,1.24E-05,1.53E-05
12,2.88E-05,1.78E-05,3.80E-06,1.22E-05,0,5.28E-06,0,0,0,0,0,0,0,0,8.12E-07,0,0,0
13,3.05E-05,0,2.14E-05,0,3.33E-05,3.74E-05,0,0,4.85E-06,0,1.05E-05,1.03E-05,0,0,1.30E-05,0,0,6.51E-06
14,6.65E-05,8.19E-05,2.57E-05,6.30E-05,8.01E-05,0.000129034,3.58E-05,4.05E-06,1.18E-05,1.21E-05,1.10E-05,8.01E-06,3.00E-05,0,9.67E-06,2.47E-05,2.02E-05,1.10E-05
15,1.54E-05,1.55E-05,2.51E-05,2.12E-05,1.12E-05,2.92E-05,0,0,0,0,0,0,0,0,1.49E-07,0,0,0
16,1.73E-05,1.97E-05,3.02E-06,2.64E-05,1.24E-05,1.32E-05,4.58E-06,1.47E-05,2.01E-06,1.16E-05,2.31E-06,1.30E-06,2.00E-06,3.46E-06,1.98E-06,7.49E-06,1.71E-06,2.82E-06
17,2.67E-06,1.66E-06,8.06E-06,2.36E-06,4.10E-06,5.08E-06,2.50E-06,0,9.74E-07,2.84E-06,1.76E-06,2.70E-06,1.61E-06,0,1.94E-05,1.45E-06,1.05E-06,0
18,9.02E-05,0.000105357,0.000113517,9.09E-05,8.38E-05,0.000108528,0.000198536,6.96E-05,7.00E-05,0.000130007,0.000154887,7.73E-05,0.000108797,4.39E-05,9.20E-05,0.000125691,0.00014729,0.00012486
19,7.81E-06,3.55E-06,7.56E-06,8.80E-06,3.03E-06,8.92E-06,0,0,0,0,0,0,0,0,4.78E-05,0,0,0
20,4.17E-05,0.000102772,0.00014015,4.20E-05,8.01E-05,0.000154067,5.82E-05,7.49E-05,0.000124362,3.24E-05,9.18E-05,6.11E-05,3.75E-05,7.12E-05,0.00012859,3.84E-05,6.22E-05,0.000119757
21,0.000837169,0.000989955,0.00076794,0.000780334,0.000597282,0.000788155,0.001237636,0.000644211,0.000489804,0.000762242,0.000736474,0.000386191,0.000888232,0.000620813,0.000613147,0.000756269,0.000696351,0.000578644
22,2.53E-05,0,3.42E-05,5.98E-05,4.71E-05,7.75E-05,0.000186084,9.97E-05,8.15E-05,6.63E-05,4.98E-05,4.93E-05,0.000134869,1.76E-05,0.000871978,9.08E-05,2.13E-05,6.94E-05
23,3.50E-05,3.30E-05,2.77E-05,2.66E-05,1.96E-05,3.59E-05,5.13E-05,1.41E-05,2.04E-05,3.49E-05,2.41E-05,1.73E-05,3.23E-05,1.96E-05,2.86E-05,3.55E-05,2.07E-05,1.87E-05
24,9.23E-06,4.43E-06,1.26E-05,1.14E-05,3.31E-06,1.09E-05,0,0,0,0,0,0,0,0,5.64E-06,0,0,0
25,4.39E-06,7.02E-06,5.77E-06,3.30E-06,4.83E-06,8.36E-06,9.26E-06,1.06E-05,6.91E-06,5.85E-06,5.79E-06,7.02E-06,4.93E-06,6.56E-06,4.80E-06,4.59E-06,9.45E-06,6.30E-06
26,3.72E-05,4.04E-05,4.70E-05,5.91E-05,4.37E-05,2.11E-05,0.000197693,0.000100633,0,0.000186928,0.000115735,8.14E-05,0.000137257,0.000125516,1.63E-05,0.000174475,9.50E-05,1.43E-05
27,1.75E-05,1.38E-05,1.52E-05,1.69E-05,1.86E-05,1.67E-05,2.76E-06,2.40E-06,2.00E-06,9.73E-06,1.87E-06,1.76E-06,2.38E-06,0,1.67E-06,3.03E-06,1.96E-06,0
28,6.78E-05,8.49E-05,8.28E-05,7.54E-05,8.05E-05,9.05E-05,6.20E-05,2.02E-05,3.28E-05,0,3.18E-05,2.85E-05,3.95E-05,1.96E-05,8.48E-06,3.27E-05,3.19E-05,3.35E-05
29,9.98E-06,6.80E-06,9.84E-06,1.97E-05,1.83E-05,2.43E-05,2.03E-05,8.38E-06,7.27E-06,1.66E-05,8.45E-06,8.13E-06,1.75E-05,7.07E-06,1.77E-06,1.33E-05,5.29E-06,1.03E-05
30,0.000380592,0.000142158,0.00034061,0.000420126,0.000197796,0.000372868,9.22E-05,7.87E-06,2.79E-05,5.66E-05,5.30E-05,3.15E-05,1.56E-05,1.15E-05,2.47E-05,0.000102153,5.48E-05,5.79E-05
31,0.000143849,0.000184616,0.000165396,0.000109987,0.00011963,0.000251247,0.000117041,0.000112547,0.000157981,0.000105328,0.000170229,0.000123286,8.67E-05,0.000107547,7.90E-05,8.56E-05,0.000135194,0.000116975
32,0.000365627,0.000465198,0.000494078,0,0,0,0,0,4.80E-05,5.24E-06,0.000742872,6.22E-06,0,0,0.000229395,3.95E-06,0,6.39E-06
33,3.08E-05,6.43E-05,0.000133001,3.94E-06,4.90E-05,0.000160883,1.33E-05,2.55E-05,0.000141848,0.000100616,9.95E-05,1.99E-05,7.42E-05,2.79E-05,0.000186238,0.000102232,4.66E-05,0.000164046
34,2.53E-05,2.75E-05,5.51E-05,3.89E-05,4.08E-05,6.14E-05,7.15E-05,2.92E-05,4.48E-05,4.72E-05,4.55E-05,3.67E-05,5.14E-05,3.62E-05,5.80E-05,4.58E-05,4.44E-05,4.97E-05
35,0.000321166,0.000278567,0.00033711,0.000318688,0.00025021,0.000338054,0.000182938,6.40E-05,9.05E-05,0.000105129,8.00E-05,7.76E-05,9.93E-05,4.77E-05,6.98E-05,3.12E-05,7.85E-05,9.66E-05
36,0.000628529,0.000772701,0.000990766,0.000819352,0.000682875,0.000919125,0.001090272,0.000739979,0.000631824,0.000847967,0.000598245,0.000552646,0.000588292,0.000614812,0.000681316,0.000747051,0.000492048,0.00094667
37,3.84E-06,0,0,6.16E-06,0,0,8.27E-06,7.29E-06,3.43E-06,0,0,3.02E-06,6.11E-06,0,1.04E-05,0,0,0
38,0,0,0,0,0,0,0,0,0,0,0,0,0,0,0,0,0,0
39,2.35E-05,9.40E-06,9.72E-06,2.50E-05,2.29E-05,5.23E-05,5.27E-05,2.87E-05,2.68E-05,3.43E-05,3.80E-05,1.69E-05,4.39E-05,3.15E-05,2.22E-05,3.40E-05,2.35E-05,2.40E-05
40,0,0,0,6.34E-06,5.20E-06,4.25E-06,1.94E-05,1.49E-05,9.00E-06,1.28E-05,1.19E-05,8.82E-06,1.25E-05,1.42E-05,0,1.15E-05,1.16E-05,1.21E-05
41,0.000120905,6.89E-05,0.000133258,0.000107708,7.23E-05,0.000156159,0.00023642,0.000104493,9.86E-05,0.00013779,9.17E-05,6.97E-05,0.000107691,7.66E-05,0.000124859,0.000129612,6.25E-05,0.000114205
42,9.86E-05,6.98E-05,7.93E-05,8.46E-05,0.010879091,7.37E-05,2.48E-05,3.20E-05,3.98E-05,3.69E-05,2.83E-05,1.71E-05,1.64E-05,2.70E-05,2.17E-05,2.52E-05,2.06E-05,2.69E-05
43,1.47E-05,6.99E-06,1.54E-05,5.76E-06,6.70E-06,1.50E-05,1.26E-05,8.05E-06,8.16E-06,5.29E-06,7.42E-06,5.32E-06,6.59E-06,1.10E-05,1.19E-05,1.08E-05,8.04E-06,1.46E-05
44,0,0,0,0,0,0,4.49E-05,7.55E-06,3.01E-05,0,3.11E-06,5.18E-06,1.53E-05,2.18E-05,0,0,3.16E-06,3.28E-06
45,0,0,0,0,0,0,0.000101821,5.87E-05,6.19E-05,4.57E-05,0,6.23E-05,6.46E-05,4.40E-05,0,3.07E-05,8.50E-05,2.35E-05
46,0.000134634,0.000140282,0.00010443,8.96E-05,6.59E-05,7.85E-05,0,0,0,0,0,0,0,0,1.34E-05,0,0,0
47,0.001036035,0.00068476,0.000706796,0.000672243,0.00035803,0.000686458,0.000920777,0.000348745,0.00041647,0.000985336,0.000516033,0.000332556,0.000884043,0.00049501,0.000494371,0.000208127,0.000490567,0.000131963
48,0,0,0,0,0,0,4.62E-05,3.14E-05,2.30E-05,2.36E-05,3.35E-05,2.57E-05,2.52E-05,2.63E-05,0,2.39E-05,2.40E-05,3.06E-05
49,0.000184202,0.000241438,6.96E-05,0.000156661,1.74E-05,0.000151796,0.000209836,3.54E-05,6.07E-05,1.04E-05,6.51E-05,2.21E-05,0.000154614,1.02E-05,4.94E-05,0.000124939,0.00014581,8.64E-05
50,0.000127518,0.000215085,8.72E-05,9.34E-05,0.000115528,0.000109597,0.000359007,0.000120045,0.00013712,0.000183947,0.000221191,0.000205608,0.000160647,1.39E-05,0.000256555,0.000103891,9.71E-05,0.000278591
51,0,0,0,0,0,0,0,0,0,0,0,0,0,0,0,0,0,0
52,0.000925766,0.000978056,0.001399963,0.001096199,0.000759211,0.001521468,0.002001915,0.000384504,0.000781304,0.001525347,0.000864352,0.000684156,0.001486439,0.000727356,0.000899374,0.001690092,0.000739525,0.00069935
53,8.61E-05,8.06E-05,5.87E-05,7.97E-05,5.55E-05,7.43E-05,1.98E-06,0,0,0,0,0,2.48E-06,0,0.000199272,2.63E-06,0,0
54,7.59E-06,4.49E-06,4.96E-06,1.38E-05,0,4.00E-06,0,0,0,0,0,0,0,0,8.02E-06,0,0,0
55,0.000123735,0,0.000121391,8.94E-05,3.03E-05,0.000109642,0,0,0,0,0,0,0,0,1.99E-05,0,0,0
56,1.03E-05,1.00E-05,1.57E-05,1.07E-05,4.26E-06,1.29E-05,3.10E-05,1.55E-05,1.60E-05,1.59E-05,1.44E-05,1.28E-05,1.29E-05,1.56E-05,1.57E-05,1.31E-05,1.10E-05,2.62E-05
57,8.82E-06,6.56E-06,1.07E-05,1.12E-05,0,1.77E-05,5.74E-05,2.92E-05,4.47E-05,1.43E-05,3.16E-05,3.76E-05,3.15E-05,4.02E-05,3.27E-05,2.78E-05,1.02E-05,4.47E-05
58,2.13E-05,2.93E-05,2.93E-05,1.63E-05,2.37E-05,2.21E-05,4.93E-05,1.75E-05,1.47E-05,2.16E-05,2.47E-05,1.60E-05,2.18E-05,9.57E-06,2.67E-05,1.65E-05,2.62E-05,1.50E-05
59,0.000159152,0.000207828,0.000197576,0.000101409,0.000144738,0.000136309,0.000376916,0.00014889,0.000143124,0.000159892,0.000189401,0.000122328,0.000183503,0.00011276,0.00019505,0.000116369,0.000189255,0.000148227
60,0.000617805,0.000390982,0.000521878,0.000933332,0.000638037,0.000825035,0.001610132,0.00062213,0.000537613,0.000891355,0.000514198,0.000399723,0.000994592,0.000405589,0.000460218,0.000640286,0.000549516,0.000401756
61,3.24E-05,1.32E-05,2.35E-05,5.35E-05,2.99E-05,5.36E-05,0.000119102,5.22E-05,4.59E-05,2.11E-05,1.88E-05,1.39E-05,8.57E-05,4.50E-05,6.47E-05,2.92E-05,1.44E-05,1.89E-05
62,0.002222205,0.001439781,0.003089836,0,0.001230456,0.003640424,0.00131403,0.000787929,0.001522144,0.001103303,0.001420505,0.001385527,0.001162479,0.001230327,0.000243567,0.000820019,0.000631514,0.002801538
63,0.000632553,0.000806122,0.00034138,0.000477973,0.000509174,0.000333229,0,0,0,0,0,0,0,0,1.45E-06,0,0,0
64,0.000442948,0.000186493,0.000292305,0.000219396,0.006764122,0.000237887,4.36E-05,4.93E-05,3.28E-05,0.000138305,0.000186686,0,0.000220845,6.67E-05,1.76E-05,0.000437083,0.000279377,7.74E-05
65,9.79E-05,9.27E-05,7.37E-05,0.000102091,5.16E-05,9.23E-05,2.64E-05,7.16E-06,1.28E-05,2.67E-05,2.00E-05,1.42E-05,2.35E-05,3.84E-06,8.17E-06,3.55E-05,1.53E-05,2.20E-05
66,0.000118886,3.98E-05,6.81E-05,8.16E-05,5.98E-05,0.000115283,5.82E-05,3.23E-05,3.23E-05,4.18E-05,5.39E-05,2.19E-05,4.06E-05,2.48E-05,3.48E-05,4.14E-05,3.21E-05,3.99E-05
67,2.82E-05,9.13E-06,2.58E-05,1.49E-05,9.55E-06,2.56E-05,2.79E-05,1.35E-05,1.17E-05,2.58E-05,1.29E-05,1.36E-05,1.55E-05,6.96E-06,1.54E-05,1.93E-05,1.68E-05,2.35E-05
68,0.000311872,0.000385711,0.00037621,0.000319376,0.000244176,0.000389013,0.000148399,0.000116591,8.88E-05,0.000154295,0.000126748,7.14E-05,8.37E-05,6.75E-05,7.11E-05,0.000144306,0.000105975,0.000102707
69,1.47E-05,6.99E-06,1.54E-05,5.76E-06,6.70E-06,1.50E-05,1.26E-05,8.05E-06,8.16E-06,5.29E-06,7.42E-06,5.32E-06,6.59E-06,1.10E-05,1.19E-05,1.08E-05,8.04E-06,1.46E-05
70,3.24E-06,4.13E-06,1.02E-05,5.64E-06,0,4.23E-06,5.15E-05,2.30E-06,2.78E-06,4.17E-06,3.05E-06,1.55E-06,2.06E-05,0,3.49E-06,2.77E-06,0,2.47E-06
71,7.17E-05,6.12E-05,3.39E-05,0.000076078,4.75E-05,6.94E-05,6.51E-05,1.51E-05,2.77E-05,2.95E-05,2.79E-05,2.52E-05,4.37E-05,1.22E-05,2.94E-05,4.38E-05,2.70E-05,2.88E-05
72,0.000111185,0.000133532,0.000299728,0.000131457,0.000442591,0.000176015,0.000156135,5.90E-05,0,0.000105288,8.81E-05,0.000106733,2.67E-05,5.09E-05,6.48E-05,7.98E-05,2.68E-05,9.70E-05
73,0,0,0,0,0,2.45E-06,2.77E-05,1.23E-05,1.26E-05,1.78E-05,1.40E-05,2.25E-05,2.23E-05,1.20E-05,0,1.52E-05,1.17E-05,1.81E-05
74,0.000177398,0.000138403,0.000165103,0.000175645,0.000349745,0.000203966,0.000604475,0.000288653,0.000264253,0.000311506,0.000228435,0.000181364,0.000480046,0.000245971,0.000395508,0.000297555,0.00018142,0.000231545
75,0,0,0,0,0,0,1.63E-05,7.18E-06,1.19E-05,2.66E-05,1.21E-05,1.08E-05,9.41E-07,4.53E-06,0,2.90E-05,4.66E-06,1.64E-05
76,0.000165774,0.000138383,0.00015099,0.000142795,0.000105072,0.000160515,0.000154577,0.000105936,5.31E-05,8.28E-05,5.94E-05,5.78E-05,0.000117788,6.64E-05,6.69E-05,4.68E-05,8.05E-05,9.13E-05
77,0.000452698,0.00032286,0.000371748,0.000305716,0.000371803,0.00018276,8.02E-05,0,2.78E-05,0,4.26E-05,0,0.000136662,0,2.75E-05,7.58E-05,0.000122587,0
78,0,0,0,0,0,0,0.000106876,5.61E-05,8.85E-05,4.75E-05,7.82E-05,3.43E-06,9.89E-05,8.04E-05,0,6.96E-05,5.56E-05,2.32E-05
79,0.001063353,0.001367292,0.000290728,0.001082408,0.000671664,0.002340653,0.000838595,0.001953752,0.001845942,0.001038653,0.00126836,0.001147941,0.000785175,0.001395262,0.000770508,0.000786256,0.001377868,0.000759806
80,2.58E-05,3.98E-05,2.25E-05,4.37E-05,3.80E-05,2.25E-05,2.80E-05,2.41E-05,5.07E-06,1.95E-05,1.27E-05,7.47E-06,2.43E-05,2.31E-05,2.90E-05,1.25E-05,1.59E-05,1.84E-05
81,0.000467612,0.00040609,0.000358537,0.000276005,0.000133169,0,0.000107455,0,0,1.02E-05,0,0,0,0,5.55E-07,0,0,0
82,9.44E-05,0.000140448,0.000121332,0.000365769,0.000818039,0.000364416,0.000321495,0.000151699,6.28E-05,0.000426378,0.000116593,9.16E-05,0.000191316,9.13E-05,8.41E-05,0.000299774,8.83E-05,0.000105472
83,0.001380943,0.001029182,0.001074907,0.001270671,0.000815351,0.001214124,0.007262002,0.000796175,0.000838462,0.001231024,0.000864859,0.001145762,0.001441452,0.000729259,0.000978616,0.001404084,0.000882823,0.000924531
84,0,2.26E-06,4.59E-06,0,5.67E-06,2.89E-06,0,0,8.36E-07,1.58E-06,2.72E-06,4.90E-07,0,7.64E-06,1.12E-05,1.23E-06,2.45E-06,1.42E-06
85,9.82E-05,8.65E-05,7.16E-05,9.83E-05,1.87E-05,2.39E-05,0.00010182,0.000102168,0,9.04E-05,2.73E-05,1.23E-05,6.69E-05,1.78E-05,8.59E-06,5.26E-05,4.54E-05,0
86,0.000116181,0.000453779,0.000453499,0.000291751,0.000350937,0.000764536,0,0.000125388,0.000186035,0.00014009,0.000198439,0.000190768,6.64E-05,3.13E-05,3.63E-06,2.69E-05,4.98E-05,0.000102511
87,0.000225895,0.000281579,0.000187621,0.000137982,0.000113976,0.000234105,0.000429569,0.000218331,0.000155576,0.000232758,0.000219146,0.000110333,0.000313587,0.000199418,0.000166284,0.000279931,0.000240338,0.000233246
88,0.000165774,0.000138383,0.00015099,0.000142795,0.000105072,0.000160515,0.000154577,0.000105936,5.31E-05,8.28E-05,5.94E-05,5.78E-05,0.000117788,6.64E-05,6.69E-05,4.68E-05,8.05E-05,9.13E-05
89,0,0,0,0,0,0,2.30E-05,1.26E-05,5.60E-06,0,0,0,1.56E-05,1.20E-05,0,0,0,0
90,9.70E-05,0.000153177,0.000141841,7.97E-05,8.36E-05,5.75E-05,7.27E-05,1.30E-05,0.000121197,7.54E-05,6.95E-05,5.10E-05,4.56E-05,9.89E-05,1.56E-05,4.16E-05,7.87E-05,0.000148628
91,3.29E-05,1.28E-05,3.28E-05,3.24E-05,1.77E-05,5.86E-05,0.000249852,2.77E-05,7.43E-05,8.06E-05,0.000100292,2.59E-05,0.000114648,0,3.93E-05,0.000109414,7.45E-05,5.42E-05
92,4.12E-05,0.000115992,0.000116645,9.80E-05,4.55E-05,6.61E-05,0.000170172,1.65E-05,1.69E-05,7.38E-05,7.09E-05,5.43E-05,1.23E-05,1.19E-05,3.10E-05,9.22E-05,8.80E-05,1.95E-05
93,3.62E-05,4.39E-05,4.57E-05,3.55E-05,4.01E-05,4.74E-05,3.50E-05,1.79E-05,3.36E-05,1.60E-05,2.44E-05,1.54E-05,2.13E-05,1.27E-05,3.86E-05,1.90E-05,1.45E-05,2.01E-05
94,1.53E-05,8.18E-06,9.39E-06,1.30E-05,1.54E-05,1.03E-05,0,1.65E-06,1.52E-06,0,0,0,1.93E-06,0,9.23E-06,0,0,0
95,0.000296163,9.59E-05,6.52E-05,0,0,0,0,0,0,0,0,0,0,0,6.64E-05,0,0,0
96,0.001532666,0.001590488,0.002514858,0.0016776,0.001352044,0.001958086,0.00154829,0.000598272,0.001111112,0.000965988,0.000843101,0.000695434,0.001035866,0.000376491,0.000843476,0.001002695,0.000879035,0.000866639
97,8.04E-06,7.72E-06,3.22E-06,3.68E-06,3.75E-06,4.84E-06,1.30E-05,7.27E-06,5.26E-06,6.51E-06,7.11E-06,5.08E-06,7.41E-06,8.00E-06,1.03E-05,3.99E-06,8.39E-06,5.80E-06
98,0,0,0,0,0,0,8.56E-05,4.00E-05,5.06E-05,5.85E-05,7.83E-05,4.75E-05,5.23E-05,4.92E-05,0,5.84E-05,5.43E-05,6.51E-05
99,0,0,0,0,0,0,0,0,0,0,0,0,4.60E-05,0,0,0,5.03E-05,0.000121482
100,0.000316078,0.000300342,0.000353992,0.000255034,0.000328117,0.000498605,0.000393332,0.000225167,0.000212381,0.000228714,0.000195253,0.000137401,0.000250693,0.000140044,0.000227554,0.00027178,0.000197409,0.000217343
101,0.000169374,0.000209989,0.00017764,0.000170528,8.15E-05,0.000196463,0.00024174,0.000122842,0.000116411,0.000146131,0.00014527,8.40E-05,0.000152246,0.000113452,8.23E-05,0.000131815,0.000137747,0.000146239
102,5.53E-05,5.37E-05,4.73E-05,6.43E-05,5.44E-05,6.48E-05,8.67E-05,4.23E-05,3.25E-05,5.84E-05,3.91E-05,2.73E-05,6.14E-05,4.16E-05,2.56E-05,5.05E-05,3.62E-05,3.65E-05
103,4.53E-05,0.000111413,3.07E-05,0.000100203,8.42E-05,0.000113167,0,0,0,0,0,0,0,0,1.34E-05,0,0,0
104,0.000140157,0.000136325,0.000238103,0.000142285,0.000117692,0.000311777,9.29E-05,4.40E-05,5.00E-05,0,0,0,5.14E-05,3.24E-05,8.34E-06,0,0,0
105,1.32E-05,9.95E-06,1.43E-05,2.98E-05,1.95E-05,3.60E-05,3.96E-05,1.84E-05,1.50E-05,1.91E-05,1.47E-05,9.65E-06,2.65E-05,1.31E-05,1.74E-05,1.97E-05,1.53E-05,1.57E-05
106,0.000293141,0.000229311,0.000181648,0.000357404,0.000168015,0.00027343,0.000184881,6.53E-05,9.68E-05,0.000122979,0.000124059,6.82E-05,0.000129335,6.34E-05,8.88E-05,0.000162645,6.23E-05,0.000124425
107,0.000116162,6.37E-05,0.000116352,9.76E-05,0.000101927,7.33E-05,4.93E-05,3.69E-05,4.30E-05,3.49E-05,2.73E-05,2.14E-05,4.70E-05,4.14E-05,2.57E-05,5.44E-05,2.45E-05,4.83E-05
108,1.77E-05,1.17E-05,1.17E-05,1.40E-05,9.14E-06,1.68E-05,4.36E-06,0,1.08E-06,1.15E-05,1.23E-06,1.17E-06,1.97E-06,0,9.50E-05,1.55E-05,1.49E-06,0
109,0,0,0,0,0,0,0,0,0,0,0,0,0,0,0,0,0,0
110,7.42E-06,1.07E-05,1.15E-05,1.11E-05,1.07E-05,0,3.03E-05,7.59E-06,1.32E-05,1.74E-05,1.63E-05,8.29E-06,1.86E-05,5.65E-06,4.65E-06,1.50E-05,1.40E-05,1.36E-05
111,6.64E-06,4.71E-06,8.84E-06,9.20E-06,6.50E-06,5.34E-06,0,4.33E-06,0,0,0,0,0,0,2.80E-05,0,0,0
112,6.31E-05,6.87E-05,8.06E-05,5.16E-05,4.96E-05,8.91E-05,8.18E-05,4.45E-05,4.77E-05,3.40E-05,5.88E-05,3.90E-05,5.26E-05,4.16E-05,5.21E-05,5.11E-05,4.90E-05,5.43E-05
113,0,0,0,0,0,0,9.06E-06,2.12E-05,6.60E-06,0,0,3.59E-06,9.04E-06,7.51E-06,0,0,0,1.80E-06
114,0.000512439,0.000603368,0.000696106,0.000538171,0.000450319,0.000783246,0.000538349,0.000196401,0.000276251,0.000569885,0.000127785,0.000293375,0.000410901,0.000343119,0.000337432,0.000448167,0.000489834,0.000397715
115,0.000205132,0.000112961,0.000184172,0.000109301,6.71E-05,0.000125213,0.000397226,4.41E-05,0.000118116,0.000155927,7.80E-05,6.28E-05,0.000125136,9.38E-05,8.32E-05,0.000183813,0.000171951,0.000129448
116,1.23E-05,9.96E-06,1.11E-05,1.11E-05,5.75E-06,8.73E-06,0,0,0,0,0,0,0,0,2.69E-05,0,0,0
117,1.40E-05,2.24E-05,3.82E-06,1.22E-05,1.58E-05,1.04E-05,3.77E-06,1.69E-06,1.41E-06,2.38E-06,2.32E-06,1.46E-06,2.58E-06,0,5.28E-06,1.96E-06,2.42E-06,1.32E-06
118,0.000229167,0.000133936,0.000138271,0.000168743,0.000134513,0.000253082,0.000142302,6.40E-05,4.74E-05,7.86E-05,7.73E-05,4.31E-05,8.46E-05,4.65E-05,8.31E-05,0.000134791,4.89E-05,0.000110066
119,2.80E-05,2.54E-05,2.06E-05,4.02E-05,2.95E-05,3.15E-05,4.14E-06,0,0,3.41E-06,2.41E-06,9.53E-07,1.94E-06,0,2.20E-05,2.66E-06,0,0
120,6.02E-06,0,0,0,0,0,0.000410625,0,6.23E-06,2.54E-05,7.04E-06,0,6.59E-06,6.50E-06,4.67E-05,1.31E-05,0,0
121,8.42E-05,4.56E-05,0.000154527,0.00011314,0,0.000230006,0.000201876,6.08E-05,0.000128306,5.60E-05,6.62E-05,6.25E-05,0,2.36E-05,5.17E-05,5.13E-05,0,0
122,0.000307068,0.000125832,6.61E-05,0.000116216,8.10E-05,0.000309919,0.00017677,5.49E-05,5.10E-05,0.000252559,0.000253102,4.77E-05,0.000153049,0.000172171,0.000204849,0.000180291,0.000177148,7.31E-05
123,0,0,7.93E-05,0,0,0,0.000337145,0.001784907,0.000334824,0.000601764,0.000304309,0.000137818,0.000332623,0.000378647,0,0.000253717,0.000204715,0.000177362
124,0,0,0,0,0,0,0,0,0,0,0,0,0,0,0,0,0,0
125,0,0,0,9.60E-06,7.21E-05,0,0,0,0,1.88E-07,0,0,0,0,0,0,0,0
126,0,0,0,0,0,0,3.92E-05,1.91E-05,1.38E-05,2.63E-05,1.55E-05,9.88E-06,1.40E-05,1.69E-05,0,1.75E-05,2.05E-05,1.50E-05
127,5.22E-05,3.89E-05,5.87E-05,8.30E-05,0.000123201,0.000149059,0.000161426,0.000187881,0.000131889,5.71E-05,4.33E-05,5.05E-05,0.00013498,0.000106483,0.000145344,5.13E-05,4.62E-05,5.55E-05
128,0,0,0,0,0,0,0,0,0,0,0,0,0,0,0,0.000128199,0,0.000374847
129,0.000717999,0.000729778,0.000906729,0.000552675,0.000459338,0.000643567,0.001304615,0.000782716,0.000572832,0.000823046,0.000631618,0.000580528,0.000840313,0.000804646,0.00042178,0.000443226,0.000669984,0.000794464
130,0.008158389,0.013608949,0.008526772,0.013809361,0.015167413,0.013698636,0.022845132,0.008432148,0.006904879,0.013013946,0.013101855,0.006557907,0.014254428,0.007540685,0.003261478,0.01597242,0.009254513,0.013317661
131,0.002697324,0.004153001,0.002972695,0.00122447,0.004442745,0.00317817,0,0.002761739,0,0,0,0,0,0,5.64E-06,0,0,0
132,0.004158895,0.002081743,0.003789471,0,0.001374172,0.004718586,0.00020508,0.001253525,0.001436082,0.001496817,0.001429912,0.001178622,0.001199093,0.001022656,1.59E-06,0.001497781,0.001761431,0.002032747
133,0.000159297,8.18E-05,0.000100256,0.000147295,0.000103833,0.000162677,0.000288966,4.66E-05,8.40E-05,0.000141922,7.32E-05,5.25E-05,0.000172807,1.22E-05,3.10E-05,0.000138269,9.35E-05,7.82E-05
134,0.001765232,0.001163502,0.001381971,0.002367947,0.001372758,0.001774384,0.003603011,0.001669478,0.001154812,0.001980328,0.001275156,0.001060321,0.002660368,0.000989514,0.00150083,0.001491808,0.001393993,0.000926939
135,4.10E-05,2.91E-05,5.31E-05,4.96E-05,1.07E-05,1.76E-05,4.38E-05,2.45E-05,1.51E-05,2.44E-05,1.82E-05,1.24E-05,2.48E-05,1.15E-05,7.45E-06,3.74E-05,8.61E-06,1.51E-05
136,0.000242956,0.000289288,0.000340453,0.000329004,0.000422644,0.000255521,0.00017417,0.000503834,0,4.81E-05,0,0,0.000246064,4.73E-06,2.02E-05,0.000119773,0.000174821,0.00019726
137,4.33E-05,4.34E-05,2.99E-05,2.27E-05,2.78E-05,3.00E-05,3.29E-05,1.41E-05,4.40E-06,2.01E-05,1.35E-05,2.06E-05,2.94E-05,1.40E-05,9.91E-07,2.23E-05,3.21E-05,5.44E-06
138,4.05E-05,5.11E-05,5.16E-05,6.94E-05,6.19E-05,5.59E-05,0.000207211,8.92E-05,9.22E-05,0.000209371,0.000158818,0.000121678,0.000240193,0.00013973,0.000155611,7.88E-05,4.89E-05,8.10E-05
139,4.33E-05,6.43E-05,5.06E-05,4.85E-05,5.26E-05,5.17E-05,6.65E-06,2.00E-06,0,6.24E-06,2.25E-06,2.49E-06,4.23E-06,2.96E-06,9.94E-06,1.79E-05,3.20E-06,7.58E-06
140,0,0,0,0,0,0,5.30E-05,1.79E-05,1.17E-05,3.79E-05,3.59E-05,2.74E-05,4.33E-05,1.80E-05,0,3.68E-05,2.24E-05,1.92E-05
141,2.05E-06,2.09E-06,4.64E-06,9.96E-06,4.09E-06,4.46E-06,7.03E-06,3.25E-06,3.01E-06,8.14E-06,5.67E-06,2.25E-06,4.72E-06,3.01E-06,1.79E-06,6.26E-06,4.76E-06,1.48E-06
142,0,0,0,0,0,0,2.03E-05,7.44E-06,1.03E-05,0,1.13E-05,9.37E-06,1.10E-05,6.38E-06,0,0,1.15E-05,1.19E-05
143,0.000165774,0.000138383,0.00015099,0.000142795,0.000105072,0.000160515,0.000154577,0.000105936,5.31E-05,8.28E-05,5.94E-05,5.78E-05,0.000117788,6.64E-05,6.69E-05,4.68E-05,8.05E-05,9.13E-05
144,2.08E-05,2.60E-05,1.93E-05,4.93E-05,2.27E-05,4.33E-05,9.29E-06,1.10E-05,3.34E-06,5.94E-06,1.39E-05,4.15E-06,1.31E-05,9.14E-06,8.76E-06,6.42E-06,1.27E-05,6.99E-06
145,0.000110789,9.96E-05,7.86E-05,0.000126234,5.92E-05,0.000152411,0,0,0,0,0,0,7.98E-06,0,2.06E-06,0,0,0
146,5.54E-05,5.84E-05,7.88E-05,5.14E-05,4.59E-05,9.57E-05,0.000140778,0.000133054,0.000114027,0.000101389,0.000106081,9.68E-05,0.0001033,6.26E-05,0.00010867,6.24E-05,0.000113604,9.58E-05
147,0.000107606,0.00010243,5.88E-05,9.70E-05,9.37E-05,0.000118839,0.000119479,7.55E-05,1.66E-05,0.000110275,3.52E-05,0,6.99E-05,2.97E-05,4.72E-05,0.000104415,2.61E-05,2.33E-05
148,1.92E-05,1.26E-05,1.59E-05,1.43E-05,5.88E-05,2.46E-05,4.92E-06,3.80E-06,1.44E-05,1.18E-05,7.64E-06,7.53E-06,8.78E-06,2.49E-06,2.17E-06,9.66E-06,2.63E-06,2.65E-06
149,0.000140469,0.000187683,0.000171359,9.59E-05,0.000110925,0.000220792,0.000252138,0.000165357,0.000122494,0.000158224,0.000168178,0.000172742,0.000221796,0.000126653,0.000192179,0.000153522,0.000114653,0.000219502
150,4.16E-05,4.30E-05,4.17E-05,5.80E-05,2.16E-05,6.64E-05,6.01E-05,4.90E-05,2.68E-05,5.00E-05,4.56E-05,3.46E-05,3.30E-05,4.14E-05,4.08E-05,5.12E-05,4.46E-05,4.74E-05
151,3.95E-05,3.89E-05,3.40E-05,3.36E-05,3.13E-05,4.13E-05,6.88E-05,2.44E-05,3.14E-05,4.57E-05,3.72E-05,2.92E-05,5.30E-05,2.21E-05,4.10E-05,5.09E-05,3.38E-05,3.71E-05
152,4.69E-06,6.74E-06,9.83E-06,9.52E-06,5.07E-06,1.02E-05,2.85E-05,2.04E-05,1.44E-05,2.16E-05,2.06E-05,1.57E-05,1.79E-05,2.39E-05,2.04E-05,1.56E-05,1.63E-05,2.16E-05
153,0.000172343,0.002418267,0.001860971,0.002326868,0.000645614,0.004777624,0.004312316,0.001062609,0.00278684,0.001762137,0.00243208,0.001161562,0.002475765,0.001250551,0.003268767,0.002306773,0.002114998,0.002113065
154,4.79E-05,2.82E-05,1.57E-05,6.89E-05,3.18E-05,2.75E-05,5.97E-05,1.54E-05,2.16E-05,3.07E-05,3.15E-05,2.42E-05,4.04E-05,1.51E-05,1.46E-05,3.60E-05,0,2.01E-05
155,1.98E-05,6.68E-05,0.000120536,5.30E-05,6.17E-05,0.000111605,0.000100521,3.93E-05,7.99E-05,8.88E-05,2.78E-05,5.28E-05,7.34E-05,5.10E-05,0.0001094,5.68E-05,4.39E-05,0.000104534
156,0,0,0,0,0,0,0.000248384,0.000270509,0.000371477,0,0.000273392,0.000138059,5.19E-05,0.000211222,0,0,0.000265973,0.000455504
157,1.44E-05,1.62E-05,8.09E-06,2.58E-05,1.70E-05,1.85E-05,2.97E-06,0,0,0,0,0,2.51E-06,0,2.26E-05,0,0,0
158,0.000121916,0.000114004,0.000103244,8.04E-05,0,7.03E-05,0,0,0,0,0,0,6.32E-06,0,1.39E-05,0,0,0
159,0.000717999,0.000729778,0.000906729,0.000552675,0.000459338,0.000643567,0.001304615,0.000782716,0.000572832,0.000823046,0.000631618,0.000580528,0.000840313,0.000804646,0.00042178,0.000443226,0.000669984,0.000794464
160,0.000138082,7.96E-05,0.000304968,7.42E-05,0.000174808,8.87E-05,4.97E-05,0.000138967,5.21E-05,7.65E-05,7.17E-05,7.67E-05,3.22E-05,3.52E-05,5.41E-05,4.69E-05,0.000122022,0.000167285
161,3.06E-05,3.07E-05,3.59E-05,3.47E-05,2.45E-05,4.01E-05,7.80E-08,2.18E-06,2.11E-06,2.09E-06,4.56E-07,3.25E-06,3.43E-06,1.07E-06,2.69E-06,2.29E-08,0,4.03E-06
162,0,8.19E-07,2.36E-06,1.87E-06,0,1.38E-06,7.52E-05,5.55E-05,4.10E-05,1.89E-05,5.08E-05,3.79E-05,4.14E-05,3.28E-05,2.27E-05,1.20E-05,5.26E-05,5.24E-05
163,0,0,0,0,0,0,0.000453702,0.000205829,0.000264035,0.000264639,7.02E-05,4.30E-05,0.000257747,9.13E-05,0,0.000306805,0.000218454,0.00032837
164,7.38E-05,9.21E-05,0.000111527,0,0.000126522,0.000140001,0.000271802,0.000178223,9.16E-05,0.000226434,0.000237229,0.000183562,0.000212998,0,5.29E-05,0.000209372,0.000186513,0.000200342
165,3.11E-06,3.59E-06,1.96E-06,1.41E-05,1.79E-06,3.48E-06,9.76E-05,7.63E-05,5.19E-05,2.28E-05,6.57E-05,5.88E-05,5.38E-05,5.22E-05,6.72E-05,6.82E-06,5.97E-05,5.62E-05
166,0.000275003,0.000172589,0.000187483,0.000235945,0.000140412,0.000214749,0.000212681,0.000109407,3.29E-05,7.69E-05,4.43E-05,2.91E-05,0.000203741,6.05E-05,0.000105563,5.13E-05,5.78E-05,6.17E-05
167,1.36E-05,1.89E-05,2.37E-05,1.59E-05,1.56E-05,2.44E-05,0.000139224,7.43E-05,6.65E-05,8.00E-05,7.29E-05,4.31E-05,9.15E-05,4.44E-05,4.57E-05,8.27E-05,7.24E-05,5.78E-05
168,0,0,0,0,0,0,3.13E-05,8.81E-06,1.08E-05,6.63E-06,2.01E-05,1.02E-05,1.38E-05,1.49E-05,0,6.38E-06,1.42E-05,1.64E-05
169,2.58E-05,3.98E-05,2.25E-05,4.37E-05,3.80E-05,2.25E-05,2.80E-05,2.41E-05,5.07E-06,1.95E-05,1.27E-05,7.47E-06,2.43E-05,2.31E-05,2.90E-05,1.25E-05,1.59E-05,1.84E-05
170,2.04E-05,2.69E-05,8.20E-05,7.16E-05,6.23E-05,0.000145485,0,6.86E-06,0,0,0,0,0,1.06E-06,8.06E-05,0,0,0
171,0,0,0,0,0,0,0,0,0,0,0,0,0,0,0,0,0,0
172,0,0,0,8.95E-06,1.38E-05,8.38E-06,5.37E-05,2.14E-05,1.27E-05,3.14E-05,3.36E-05,2.27E-05,3.15E-05,2.32E-05,0,1.39E-05,2.93E-05,1.98E-05
173,0.000140469,0.000187683,0.000171359,9.59E-05,0.000110925,0.000220792,0.000252138,0.000165357,0.000122494,0.000158224,0.000168178,0.000172742,0.000221796,0.000126653,0.000192179,0.000153522,0.000114653,0.000219502
174,2.82E-05,1.34E-05,1.40E-05,1.97E-05,1.02E-05,1.15E-05,0,0,0,0,0,0,2.53E-06,0,2.62E-05,0,0,0
175,0.000135758,0.000174377,0.000248057,0.000191238,0.000137148,0.000145578,0.000216788,0.000176056,9.61E-05,6.96E-05,0.0002304,0.000143284,0.000163316,0.000119732,0.000144826,6.72E-05,0.000266738,0.00015853
176,3.16E-05,2.95E-05,2.90E-05,3.70E-05,2.20E-05,4.47E-05,0,0,0,0,0,0,0,0,0.000230367,0,0,0
177,1.42E-05,1.47E-05,2.10E-05,2.12E-05,1.49E-05,1.81E-05,0.000112528,0.000132481,0.000130749,8.41E-05,5.42E-05,0.000109125,0.000109568,0.000110604,9.59E-05,4.27E-05,3.65E-05,0.00012536
178,0.000104419,0.000127954,0.00011279,0.000105022,6.85E-05,0.000131654,0.000112506,6.31E-05,9.09E-05,7.63E-05,0.000105946,7.79E-05,0.000105945,8.31E-05,9.96E-05,0.000107063,1.72E-05,0.000100125
179,0.000121424,9.43E-05,0.000100609,0.000109292,9.83E-05,0.000110664,0,7.33E-06,0,3.06E-05,7.90E-06,0,0,0,2.36E-05,0,0,4.66E-06
180,5.60E-05,4.53E-05,5.84E-05,5.18E-05,2.80E-05,5.09E-05,8.59E-05,1.81E-05,5.64E-05,3.67E-05,4.90E-05,3.90E-05,5.36E-05,1.62E-05,1.14E-05,4.05E-05,1.08E-05,5.02E-05
181,9.66E-05,6.38E-05,0.000112305,7.35E-05,3.14E-05,0.000108703,0,0,0,0,0,0,1.92E-05,0,8.70E-06,0,0,0
182,7.19E-05,5.31E-05,6.78E-05,5.99E-05,5.25E-05,6.38E-05,9.22E-05,2.34E-05,4.01E-05,5.34E-05,4.47E-05,1.31E-05,3.74E-05,3.70E-05,3.44E-05,5.55E-05,4.14E-05,4.70E-05
183,2.71E-05,2.77E-05,2.92E-05,2.96E-05,1.07E-05,2.80E-05,9.33E-05,6.95E-05,6.87E-05,2.14E-05,0.000103175,9.22E-05,4.46E-05,7.42E-05,0.000106067,1.69E-05,7.15E-05,5.85E-05
184,5.06E-05,6.75E-05,8.23E-05,3.57E-05,4.58E-05,5.62E-05,4.94E-05,5.56E-05,5.63E-05,6.31E-06,8.10E-06,3.26E-05,4.04E-05,4.58E-05,6.76E-05,8.70E-06,6.97E-06,5.81E-05
185,8.86E-06,8.93E-06,6.25E-06,4.80E-06,1.12E-05,7.44E-06,1.44E-06,0,0,9.75E-07,8.64E-07,5.08E-07,1.01E-06,0,2.50E-05,1.17E-06,0,0
186,9.96E-05,4.66E-05,6.33E-05,8.30E-05,2.67E-05,5.32E-05,0,0,0,2.68E-06,2.81E-06,1.20E-06,0,0,1.65E-05,2.26E-06,1.97E-06,0
187,0.000215047,0.000244422,0.000279547,0.000207065,0.000145311,0.000275473,0.000742604,0.000474546,0.000433962,0.000346383,0.000760215,0.000356289,0.000493948,0.000887633,0.000606618,0.000342084,0.000619485,0.000493486
188,3.51E-06,9.68E-06,0,6.79E-06,0,7.70E-06,4.32E-05,4.64E-05,9.75E-06,3.49E-05,3.76E-05,7.53E-06,3.74E-05,1.49E-05,1.80E-06,2.44E-05,0,3.80E-05
189,5.78E-06,7.55E-06,7.70E-06,8.20E-06,0,4.75E-06,1.55E-05,2.59E-06,1.85E-06,9.00E-06,2.79E-06,3.33E-06,9.37E-06,6.82E-06,0.000219096,5.58E-06,4.45E-06,5.67E-06
190,2.30E-05,4.35E-05,3.70E-05,2.94E-05,1.04E-05,3.65E-05,6.80E-05,4.60E-05,1.44E-05,3.00E-05,2.24E-05,3.15E-05,4.46E-05,5.62E-05,2.83E-05,1.56E-05,7.04E-06,1.18E-05
191,5.74E-05,5.37E-05,5.24E-05,7.72E-05,3.28E-05,7.75E-05,8.83E-05,2.52E-05,5.07E-05,6.26E-05,4.31E-05,4.34E-05,5.82E-05,3.71E-05,5.25E-05,3.31E-05,2.55E-05,6.47E-05
192,0,0,0,0,0,0,1.78E-05,1.78E-05,7.96E-06,1.56E-06,5.32E-06,0,8.89E-06,1.40E-05,0,0,1.09E-05,7.42E-06
193,0.000218943,0.000212824,0.000204183,0.000271412,0.000201986,0.000310459,0.000291054,8.92E-05,0.000139349,0.000159789,0.000162134,0.000120769,0.000212265,7.95E-05,0.000112594,0.000173318,0.000124421,0.000184097
194,4.43E-05,4.63E-05,1.30E-05,7.22E-05,1.68E-05,2.49E-05,0,0,0,0,0,0,0,0,3.13E-05,0,0,0
195,0,0,0,1.33E-06,0,0,8.17E-05,4.28E-05,3.55E-05,5.57E-05,3.87E-05,2.78E-05,5.56E-05,3.43E-05,0,5.31E-05,4.17E-05,4.82E-05
196,5.73E-05,2.69E-05,2.98E-05,2.24E-05,0,3.95E-05,5.37E-05,4.76E-05,1.97E-05,5.69E-05,5.77E-05,1.77E-05,6.63E-05,2.93E-05,3.03E-05,6.70E-05,4.70E-05,3.05E-05
197,1.69E-05,0.000110611,1.57E-05,8.36E-05,1.75E-05,4.32E-05,0,0,0,0,0,0,0,0,2.99E-06,0,0,0
198,0.000115158,8.90E-05,2.43E-05,9.22E-05,5.76E-05,8.33E-05,4.56E-05,2.12E-05,1.47E-05,2.83E-05,2.45E-05,1.78E-05,2.96E-05,1.08E-05,1.83E-05,3.91E-05,1.23E-05,1.67E-05
199,0.002602913,0.00210504,0.002286764,0.002520691,0.001549952,0.001680879,0.003167362,0.002271604,0.001592428,0.003301148,0.002413017,0.001380461,0.003152107,0.00290037,0.001876978,0.003721148,0.001655859,0.002323418
200,1.45E-05,8.04E-06,4.66E-06,2.89E-05,2.25E-05,2.53E-05,4.33E-05,1.06E-05,1.51E-05,5.10E-06,6.79E-06,4.35E-06,2.94E-05,1.26E-05,1.88E-05,6.02E-06,4.51E-06,3.67E-06
201,0,0,0,0,0,0,3.92E-05,1.91E-05,1.38E-05,2.63E-05,1.55E-05,9.88E-06,1.40E-05,1.69E-05,0,1.75E-05,2.05E-05,1.50E-05
202,6.90E-06,7.69E-06,8.29E-06,9.72E-06,5.02E-06,7.75E-06,1.97E-05,6.84E-06,5.98E-06,7.56E-06,1.01E-05,4.30E-06,1.90E-05,0,8.23E-06,3.08E-06,4.54E-06,1.02E-05
203,0,0,4.57E-06,0,0,0,0.00048262,0.000141446,0.000202514,0.000215527,0.000234574,0.000138252,0.00028662,5.63E-05,0,0.000249905,0.00028651,0.000238044
204,3.91E-05,2.66E-05,3.12E-05,3.44E-05,3.88E-05,3.24E-05,5.56E-05,4.88E-06,3.05E-05,2.12E-05,3.47E-05,1.89E-05,3.87E-05,3.65E-06,2.17E-05,2.24E-05,3.61E-05,2.90E-05
205,0,0,0,0,0,0,0.000310707,0.000154356,0.000223197,0.000155425,0.000117322,6.21E-05,0.000176412,0.000106223,0,0.000181992,9.90E-05,0.000116542
206,2.52E-05,1.34E-05,1.95E-05,1.41E-05,1.53E-05,1.41E-05,4.07E-06,1.96E-05,1.82E-06,0,0,0,0,0,3.42E-06,0,0,0
207,3.79E-06,9.90E-06,1.49E-05,7.26E-06,6.47E-06,7.18E-06,1.68E-05,8.51E-06,4.92E-06,9.71E-06,6.21E-06,8.15E-06,1.30E-05,3.86E-06,7.37E-06,1.07E-05,9.80E-06,1.26E-05
208,6.94E-06,1.52E-05,1.14E-05,2.45E-06,7.45E-06,7.55E-06,1.84E-05,1.35E-05,6.75E-06,7.81E-06,6.66E-06,9.88E-06,1.21E-05,1.72E-05,5.86E-06,2.90E-06,4.12E-06,9.75E-06
209,0,0,0,0,0,0,0.000105319,0.000313816,9.25E-05,0,0.000326069,2.40E-05,4.51E-05,0.000252083,0,0,0.000304939,0.000141456
210,0.000506306,0.000547475,0.000516526,0.000421628,0.000389861,0.000606403,0.000850153,0.000363883,0.00052754,0.000437097,0.00033079,0.000275076,0.00045932,0.000350958,0.000409016,0.000317663,0.000338722,0.000506573
211,2.16E-05,1.94E-05,2.15E-05,1.85E-05,4.49E-06,1.41E-05,0,0,0,0,0,0,0,0,2.06E-06,0,0,0
212,0,1.33E-05,0,0,0,0,0,0,0,0,2.33E-05,1.28E-05,6.05E-05,4.25E-06,0,0,5.36E-06,1.46E-05
213,0.000159516,0.000338307,8.21E-05,0.000219372,0.000262015,0.000111735,4.92E-05,2.76E-05,9.96E-06,1.82E-05,2.72E-05,9.45E-06,8.59E-06,0,4.66E-05,5.23E-05,2.14E-05,1.16E-05
214,0.000265573,0.000351037,0.000159404,0.000377869,0.000152729,0.000371529,0.000708636,0.000282591,0.000246631,0.000362045,0.000273368,0.000184943,0.000436589,0.000152085,0.000313531,0.000273243,0.000122924,0.000302711
215,0.000265573,0.000351037,0.000159404,0.000377869,0.000152729,0.000371529,0.000708636,0.000282591,0.000246631,0.000362045,0.000273368,0.000184943,0.000436589,0.000152085,0.000313531,0.000273243,0.000122924,0.000302711
216,0.000180486,0.000205223,0.000242725,0.000170634,0.000135236,0.000228222,0.000227141,0.000133387,0.000130373,0.000159561,0.000150615,0.000130286,0.000172472,0.000122735,0.000151661,0.000151257,0.000140628,0.000164651
217,0.001888833,0.00166323,0.002344523,0.002077404,0.002078507,0.0028133,0.009193905,0.004336578,0.002666116,0.005428841,0.004768113,0.002341655,0.004914062,0.003904633,0.003415767,0.005424512,0.004124956,0.003813352
218,2.52E-05,1.34E-05,1.95E-05,1.41E-05,1.53E-05,1.41E-05,4.07E-06,1.96E-05,1.82E-06,0,0,0,0,0,3.42E-06,0,0,0
219,1.11E-05,2.49E-05,0.000582026,3.12E-05,2.96E-05,8.86E-05,0.000146028,0.002950753,0.000105465,0.001677542,0.000140941,5.09E-05,0.000652534,0.000856138,5.91E-05,0.001345022,7.13E-05,0.000101892
220,0.000159297,8.18E-05,0.000100256,0.000147295,0.000103833,0.000162677,0.000288966,4.66E-05,8.40E-05,0.000141922,7.32E-05,5.25E-05,0.000172807,1.22E-05,3.10E-05,0.000138269,9.35E-05,7.82E-05
221,7.03E-05,4.36E-05,3.48E-05,7.86E-05,5.07E-05,8.32E-05,9.96E-06,0,2.25E-06,2.06E-05,5.89E-06,4.95E-06,1.27E-05,9.15E-07,0.003651961,9.68E-06,2.99E-06,2.27E-06
222,0.00016414,0.000151021,0.000193808,0.000515958,0.000134084,0.000244131,9.78E-05,3.54E-05,5.23E-05,7.82E-05,7.39E-05,4.53E-05,8.06E-05,3.74E-05,6.61E-05,8.47E-05,4.75E-05,6.28E-05
223,5.51E-06,0,1.63E-06,1.14E-05,3.80E-06,4.87E-06,0,0,0,0,0,0,0,0,4.31E-06,0,0,0
224,0,0,6.40E-06,1.88E-05,6.48E-06,7.67E-06,0.000184189,0.000125289,6.09E-05,8.97E-05,6.66E-05,6.15E-05,0.000153178,4.74E-05,0,5.58E-05,0.000144052,0.000103003
225,0,0,0,8.22E-05,7.94E-05,4.44E-05,0,0,0,0,0,0,0,0,0,0,0,0
226,7.45E-05,0.000118894,9.84E-05,0,9.02E-05,7.24E-05,0,2.50E-05,4.47E-05,7.66E-05,0.000107517,6.93E-05,0,0,6.22E-07,7.75E-05,8.88E-05,9.42E-05
227,0,0,0,0,0,0,1.54E-05,2.29E-06,1.73E-06,6.13E-06,2.15E-06,4.25E-06,9.97E-06,1.25E-06,0,4.06E-06,1.33E-06,2.40E-06
228,0.000127594,0.0001292,0.000127175,0.00010634,0.000107213,0.000133393,0.000184289,9.38E-05,8.23E-05,0.000106214,9.21E-05,6.69E-05,0.000119748,7.46E-05,9.11E-05,0.000119102,0.000100636,8.85E-05
229,0.000171361,0.000853356,0.000103215,0.000145442,0.000470785,0.000163044,0.000104799,0.000180468,6.11E-05,0.000130149,0.000220172,6.02E-05,5.50E-05,0.000121885,4.80E-05,0.000199847,0.000255478,0.000100053
230,0.000186601,0.000175643,0.00016564,0.000233272,0,0.000259514,0.000826024,0.000310216,0.000387131,0.000518316,0.000496141,0.000317757,0.000597427,0.000260812,0.000180098,0.000522199,0.000373511,0.000362578
231,0,0,0,0,0,0,1.46E-05,5.86E-06,5.78E-06,2.10E-05,1.08E-05,7.59E-06,1.21E-05,1.16E-05,0,1.02E-05,0,7.70E-06
232,4.06E-05,7.24E-05,8.46E-05,0,0,0,0,0,1.08E-05,0.000401131,0.000383865,0.000359815,0,0,1.11E-05,0.000110647,0.000117379,0.000275975
233,7.77E-05,2.86E-05,8.27E-05,5.16E-05,5.36E-05,4.84E-05,8.36E-05,4.30E-05,3.27E-05,6.44E-05,4.08E-05,3.19E-05,5.62E-05,1.09E-05,4.66E-05,3.48E-05,4.57E-05,2.73E-05
234,0.000115845,0.000572188,0.000442744,5.85E-05,0.00064107,0.000220353,8.44E-06,0.000183353,7.33E-05,6.86E-05,0.000339177,4.49E-05,0,0,3.43E-05,0,0,0
235,0,0,0,0,0,0,3.65E-05,7.99E-06,1.25E-05,2.35E-05,7.47E-06,1.11E-05,2.54E-05,4.00E-06,0,2.13E-05,5.14E-06,5.80E-06
236,0,3.59E-06,0,0,0,0,0,1.91E-06,2.57E-05,0,0,0,1.51E-06,1.59E-06,0,0,0,0
237,2.96E-06,3.01E-06,7.17E-06,8.75E-06,2.11E-06,6.07E-06,8.31E-06,1.75E-06,0,5.44E-06,2.43E-06,3.52E-06,9.39E-06,1.68E-06,1.50E-05,8.72E-06,1.64E-06,0
238,7.38E-05,9.21E-05,0.000111527,0,0.000126522,0.000140001,0.000271802,0.000178223,9.16E-05,0.000226434,0.000237229,0.000183562,0.000212998,0,5.29E-05,0.000209372,0.000186513,0.000200342
239,0.002181752,0,0.00049645,0.001695547,0.000510446,0.001504462,0.003489947,0.000810646,0.0005536,0.002075201,0.000844285,0.000769965,0.002006473,0.000726446,2.99E-06,0.002168614,0.000303832,0.001061871
240,3.08E-05,2.03E-05,5.37E-05,8.33E-05,5.49E-05,3.62E-05,6.21E-05,8.95E-05,2.50E-05,5.93E-05,4.21E-06,2.07E-05,4.18E-05,0.000111364,2.91E-05,5.45E-05,3.65E-05,0.000108037
241,8.87E-05,0.000114615,0.000122981,8.98E-05,6.75E-05,0.000130708,0,0,0,0,0,0,0,0,3.15E-05,0,0,0
242,3.50E-05,3.15E-05,3.86E-05,6.69E-05,0,5.27E-05,0.000204475,5.85E-05,0.000117808,0.000152433,7.28E-05,8.85E-05,0.000152845,9.46E-05,1.09E-05,0.000108838,0.000136156,0.000152923
243,0.001190489,0.001230248,0.00088575,0.001101409,0.000995374,0.001460991,0.002771235,0.0009933,0.001183398,0.001307165,0.001263554,0.000819348,0.001910748,0.001038328,0.001395203,0.001221161,0.001248423,0.001171726
244,7.77E-05,2.86E-05,8.27E-05,5.16E-05,5.36E-05,4.84E-05,8.36E-05,4.30E-05,3.27E-05,6.44E-05,4.08E-05,3.19E-05,5.62E-05,1.09E-05,4.66E-05,3.48E-05,4.57E-05,2.73E-05
245,0.002866233,0.001341187,0.002649136,0.001897732,0.002052684,0.002184578,0.005196168,0.002900132,0.002113615,0.003239398,0.002111319,0.002116988,0.003493529,0.001342797,0.003448731,0.002236168,0.002323681,0.001918776
246,0.000260277,8.73E-05,8.41E-05,8.89E-05,5.36E-05,7.89E-05,0.00011761,6.51E-05,3.84E-05,9.39E-05,8.63E-05,3.03E-05,0.00010354,8.19E-05,3.46E-05,0.000163437,5.61E-05,4.99E-05
247,8.16E-05,0.000102687,0.000106497,9.88E-05,6.86E-05,0.000109518,0.000150067,7.53E-05,4.63E-05,0.000108644,8.45E-05,5.73E-05,0.000127868,6.50E-05,6.97E-05,0.000116358,7.65E-05,8.69E-05
248,4.35E-05,4.44E-05,4.53E-05,5.37E-05,6.47E-05,5.97E-05,8.04E-05,3.55E-05,3.05E-05,4.81E-05,2.87E-05,2.45E-05,5.68E-05,3.12E-05,4.91E-05,4.33E-05,3.56E-05,3.47E-05
249,5.01E-05,2.99E-05,3.83E-05,3.97E-05,3.84E-05,3.98E-05,0,0,0,0,0,0,0,0,5.18E-05,0,0,0
250,3.89E-05,2.73E-05,4.25E-05,4.03E-05,1.94E-05,4.70E-05,9.02E-05,4.16E-05,4.05E-05,4.49E-05,3.25E-05,3.29E-05,6.06E-05,4.07E-05,6.10E-05,4.55E-05,3.52E-05,4.51E-05
251,4.59E-06,1.63E-06,3.76E-06,5.09E-06,0.000357734,1.10E-05,6.48E-06,5.05E-06,8.03E-06,7.80E-06,4.10E-05,3.58E-06,4.03E-06,0.000135171,7.46E-06,5.08E-06,0,1.82E-05
252,4.72E-05,9.66E-05,9.35E-05,8.08E-05,0,8.83E-05,0.000101586,4.14E-05,6.87E-05,6.59E-05,6.14E-05,7.62E-05,4.83E-05,0,8.38E-06,0,5.32E-05,7.54E-05
253,4.22E-05,4.07E-05,4.17E-05,2.58E-05,1.30E-05,2.03E-05,3.78E-05,7.72E-06,0,0,0,0,7.12E-06,0,1.03E-05,9.55E-06,1.75E-05,1.69E-05
254,0,0,0,5.42E-06,9.14E-06,1.31E-05,0,0,0,0,0,0,0,0,0,0,0,0
255,0.00012199,9.43E-05,0.000114972,0.000104784,5.75E-05,0.00017546,0.00017483,3.68E-05,1.70E-05,0.000119113,6.10E-05,2.71E-05,0.000104717,1.97E-05,0.00010196,0.000138046,4.80E-05,0.000104533
256,0.000116465,0.000135997,0.000166024,7.82E-05,7.67E-05,0.0001474,0.000204297,0.000139085,5.58E-05,9.40E-05,0.00018771,8.37E-05,8.85E-05,0.000123689,0.000475251,9.46E-05,9.19E-05,0.000109802
257,6.08E-05,3.09E-05,4.79E-05,3.58E-05,2.24E-05,4.68E-05,7.35E-05,5.93E-06,2.59E-05,5.28E-05,5.37E-06,2.35E-05,5.50E-05,0,8.25E-06,4.84E-05,1.66E-05,3.10E-05
258,0.00162616,0.001166303,0.001059821,0.001204023,0.000831803,0.001084011,0.000974179,0.000785532,0.0003637,0.00109433,0.000673883,0.000344812,0.0007726,0.000360844,0.000431843,0.001275731,0.000574253,0.000621621
259,0.00937126,0.00445715,0.00177378,0.001575136,0.018202335,0.001308393,0.00117512,0.000955784,0.0005341,0.005653803,0.008052912,0.000744667,0.001365941,0.000410217,0.000756811,0.013898142,0.005844714,0.001402401
260,8.87E-05,0.000114615,0.000122981,8.98E-05,6.75E-05,0.000130708,0,0,0,0,0,0,0,0,3.15E-05,0,0,0
261,8.61E-06,0,1.21E-05,1.07E-05,0,1.83E-05,1.58E-05,1.43E-05,1.50E-05,1.22E-05,8.87E-06,7.63E-06,1.91E-05,1.32E-05,3.54E-05,1.50E-05,0,1.42E-05
262,3.59E-06,6.51E-06,7.63E-06,3.17E-06,3.36E-06,8.15E-06,2.65E-05,7.64E-06,2.70E-05,7.64E-06,1.77E-05,0,1.76E-05,0,3.71E-05,1.67E-05,1.50E-05,7.53E-05
263,8.86E-05,0.000109157,9.86E-05,0.000119471,9.22E-05,9.04E-05,9.62E-05,2.64E-05,4.35E-05,6.09E-05,7.91E-05,4.15E-05,4.14E-05,2.38E-05,5.61E-05,6.22E-05,7.83E-06,5.86E-05
264,0.000648627,0.000561665,0.000610241,0.000730599,0.000487412,0.000862864,0.000957678,0.000411632,0.000404403,0.000544621,0.00042129,0.000326039,0.000578733,0.000223048,0.000441325,0.000543707,0.000382603,0.000505603
265,0.000102817,9.26E-05,9.99E-05,0.000133642,0,0.00011218,0,0,0,0,0,0,0,0,5.58E-06,0,0,0
266,0.000349586,0.000408671,0.000298564,0.000354015,0.000321323,0.000318378,0,0,0,0,0,0,0,0,5.81E-06,0,0,0
267,0.000188936,0.000226254,0.000269953,0.000205015,0.000114899,0.000348188,0.000382851,0.000179882,0.000279709,0.000177687,0.000268265,0.000204332,0.000221451,6.25E-05,0.000353149,0.000203178,0.000204388,0.000176789
268,0.000400022,0.000387866,0.000401672,0.00030039,0.000280381,0.000285244,9.95E-05,0,1.46E-05,0.000111245,1.58E-05,1.25E-05,9.84E-05,0,8.60E-05,0.000114653,6.11E-05,0
269,6.33E-05,8.81E-05,4.53E-05,5.13E-05,7.84E-05,4.62E-05,0.000122897,0.000121428,5.01E-05,0.000103682,0.000108571,4.29E-05,8.01E-05,9.04E-05,8.04E-05,7.05E-05,0.000100203,6.24E-05
270,0.000187181,0.000178083,0.00018575,0.000141666,0.00019277,0.00019113,0.000198417,7.48E-05,7.40E-05,0.00014541,0.000130512,6.52E-05,0.000130398,6.36E-05,0.000102886,0.000119951,9.62E-05,9.13E-05
271,0,0,0,0,0,0,0,0,0,0,2.15E-06,1.52E-06,2.75E-06,9.17E-06,0,2.82E-06,0,1.32E-05
272,0.001814399,0.002317066,0.00286432,0.001576758,0.001478125,0.002486634,0.002606344,0.001326221,0.001651716,0.001755879,0.002003235,0.001499315,0.002015809,0.001481777,0.002418876,0.001810456,0.001845501,0.002430377
273,0.000261076,0.00017089,0.000134042,0.00026258,9.08E-05,0.000125678,7.24E-05,2.85E-05,2.95E-05,0.00019775,5.26E-05,1.27E-05,4.51E-05,1.40E-05,2.17E-05,0.000132016,4.47E-05,3.86E-05
274,6.12E-05,5.83E-05,5.88E-05,4.38E-05,1.15E-05,5.91E-05,0.000138051,4.30E-05,4.62E-05,6.95E-05,4.49E-05,4.24E-05,8.20E-05,4.77E-05,5.55E-05,7.33E-05,4.74E-05,7.50E-05
275,3.08E-05,2.03E-05,5.37E-05,8.33E-05,5.49E-05,3.62E-05,6.21E-05,8.95E-05,2.50E-05,5.93E-05,4.21E-06,2.07E-05,4.18E-05,0.000111364,2.91E-05,5.45E-05,3.65E-05,0.000108037
276,9.02E-06,9.52E-06,2.31E-05,1.72E-05,1.55E-05,2.20E-05,2.50E-05,1.25E-05,1.03E-05,2.24E-05,1.63E-05,1.64E-05,2.19E-05,1.24E-05,1.07E-05,1.27E-05,1.64E-05,1.87E-05
277,1.45E-05,1.90E-05,1.95E-05,6.80E-06,2.02E-05,7.14E-06,1.16E-05,1.40E-05,1.14E-05,1.11E-05,1.22E-05,7.76E-06,1.06E-05,8.46E-06,1.51E-05,7.83E-07,0,4.62E-06
278,1.05E-05,1.03E-05,7.96E-06,9.74E-06,6.68E-06,0,0,0,0,0,0,0,0,0,1.90E-07,0,0,0
279,3.14E-06,2.14E-06,2.77E-06,1.79E-06,0,3.07E-06,1.82E-05,7.13E-06,8.07E-06,7.14E-06,5.24E-06,5.24E-06,1.24E-05,5.96E-06,0.000103855,6.79E-06,6.62E-06,0
280,1.34E-05,1.64E-05,2.03E-05,1.76E-05,1.51E-05,2.67E-05,2.59E-05,1.80E-05,2.15E-05,2.50E-05,3.06E-05,2.34E-05,2.21E-05,2.28E-05,3.01E-05,1.34E-05,2.01E-05,1.85E-05
281,0,0,0,0,0,2.19E-06,3.19E-05,1.43E-05,1.89E-05,2.48E-05,1.80E-05,1.38E-05,2.05E-05,5.91E-06,0,2.60E-05,1.55E-05,2.27E-05
282,0.00061911,0.000736923,0.000801293,0.000496085,0.000597879,0.000845438,0.000857304,0.000445777,0.00040923,0.000492294,0.00051467,0.000328763,0.00053032,0.000430453,0.000477438,0.00055138,0.000521975,0.000545764
283,8.17E-05,7.61E-05,9.82E-05,6.61E-05,4.71E-05,0.000105334,0.000139711,6.19E-05,8.18E-05,7.38E-05,7.85E-05,6.67E-05,9.67E-05,6.35E-05,0.000111945,7.89E-05,7.07E-05,9.38E-05
284,7.03E-05,6.02E-05,6.21E-05,9.30E-05,0.000387409,7.40E-05,8.50E-05,4.83E-05,4.35E-05,6.79E-05,0,3.22E-05,4.84E-05,2.70E-05,4.94E-05,2.73E-05,3.69E-05,3.61E-05
285,0.000309089,0.000818892,0.001174781,0.00097049,0.000643978,0.00102039,0.001731813,0.000812825,0.000810735,0.000984365,0.000739625,0.000574589,0.001010572,0.000640262,0.000818906,0.000899365,0.000840715,0.000848121
286,0.000330458,0.000315732,0.000240979,0.000260162,0.000149398,0.000233447,0.000538491,0.000286486,0.000196699,0.000306899,0.000337048,0.000218876,0.000348927,0.000246023,0.000260434,0.000383397,0.000303868,0.000284071
287,0.000298169,0.000196961,0.000233036,0.000348855,0.000178538,0.000243479,0.00038375,0.000145187,0.000163695,0.000275031,0.000169659,0.000134013,0.000251208,0.000161954,0.000197372,0.000268191,0.000136881,0.000227172
288,0,0,0,0,0,0,0,0,0,2.75E-05,7.72E-05,7.15E-05,6.54E-05,2.96E-05,0,4.29E-05,3.77E-05,4.24E-05
289,5.73E-05,4.71E-05,6.12E-05,5.46E-05,4.37E-05,6.71E-05,7.05E-05,3.75E-05,3.02E-05,4.93E-05,3.55E-05,2.88E-05,5.14E-05,1.53E-05,2.18E-05,4.92E-05,3.19E-05,4.20E-05
290,7.24E-06,6.53E-06,3.68E-06,8.65E-06,7.33E-06,0,1.68E-05,1.12E-05,7.08E-06,1.21E-05,8.85E-06,7.02E-06,1.07E-05,1.37E-05,3.37E-05,8.62E-06,7.86E-06,9.49E-06
291,4.59E-06,4.46E-06,6.87E-06,7.96E-06,0,8.74E-06,4.70E-05,2.70E-05,1.92E-05,1.43E-05,1.66E-05,1.67E-05,5.89E-05,3.63E-05,4.91E-05,1.38E-05,8.47E-06,1.62E-05
292,4.39E-06,7.02E-06,5.77E-06,3.30E-06,4.83E-06,8.36E-06,9.26E-06,1.06E-05,6.91E-06,5.85E-06,5.79E-06,7.02E-06,4.93E-06,6.56E-06,4.80E-06,4.59E-06,9.45E-06,6.30E-06
293,0.00022264,0.000216279,0.000197706,0.000154802,0.000129314,0.000206858,4.54E-05,3.74E-05,3.97E-05,6.66E-05,5.71E-05,3.50E-05,8.61E-05,8.51E-06,1.15E-05,6.85E-05,3.98E-05,4.04E-05
294,1.77E-05,1.71E-05,1.26E-05,1.96E-05,2.95E-05,1.82E-05,2.03E-05,9.21E-06,9.26E-06,9.32E-06,1.66E-05,1.16E-05,1.50E-05,9.61E-06,1.69E-05,1.23E-05,1.09E-05,1.41E-05
295,0.00020912,0.000189371,0.000217511,0.000168735,0.000154938,0.00022293,0.000116705,5.90E-05,1.51E-05,7.09E-05,3.32E-05,4.44E-05,8.32E-05,4.97E-05,3.77E-05,7.47E-05,4.39E-05,5.46E-05
296,0,0,0,0,0,0,0,0,0,0,0,0,0,0,0,0,0,0
297,0.101691305,0,0,0,0,0,0,0,0,0,0.008103953,0,0.378725061,0.440530112,4.59E-05,0,0,0
298,7.62E-07,9.32E-07,0,0,5.98E-06,6.59E-06,0,0,8.38E-06,8.60E-07,1.92E-06,3.84E-06,1.02E-06,1.51E-06,5.31E-05,0,8.56E-07,2.22E-06
299,0,0,3.93E-06,0,0,0,1.39E-05,6.25E-06,4.77E-06,8.00E-06,6.03E-06,4.24E-06,8.37E-06,3.35E-06,0,7.40E-06,5.04E-06,8.45E-06
300,0.007014041,0.009396227,0.009669043,0.004594999,0.006091855,0.010134781,0.010189739,0.00764224,0.006737785,0.004315699,0.009074963,0.004511182,0.005242129,0.00733327,0.006848647,0.004524015,0.0087719,0.00803627
301,4.23E-06,8.15E-05,0.000112362,0,7.19E-05,0.000124201,0,6.18E-06,8.39E-05,0.000117225,8.06E-05,5.50E-05,9.55E-05,5.51E-06,2.49E-06,0.000138181,8.03E-05,7.29E-05
302,0.000256138,0.000296924,0.000316493,0.00024371,0.00013747,0.000329333,0.000344133,0.000197917,0.000175877,0.000252115,0.000213089,0.00016283,0.000222788,0.000171393,0.000206721,0.000218698,0.000182074,0.000224415
303,0,0,0,0,0,0,7.39E-05,7.85E-05,9.47E-05,6.95E-05,5.15E-05,3.97E-05,0.000119583,5.80E-05,0,6.19E-05,4.18E-05,3.75E-05
304,0.000274244,0.00018915,0.000186003,0.000255497,0.000155435,0.000202928,0.000369516,0.000143641,0.000119242,0.000189574,0.000138296,0.000105808,0.000236382,7.75E-05,0.000151118,0.000214586,0.000139629,0.000115572
305,0,6.96E-05,8.05E-05,0.000104084,0.000110875,6.71E-05,0.000379645,0.00012548,0.00017588,0.000274393,0.000263851,0.000311298,0.000204419,0.000128737,1.24E-05,0.000201168,0.000220477,0.000190048
306,0.000349586,0.000408671,0.000298564,0.000354015,0.000321323,0.000318378,0,0,0,0,0,0,0,0,5.81E-06,0,0,0
307,0.000130459,4.37E-05,9.62E-05,0.000123985,5.20E-05,0.000111502,0.000232568,9.09E-05,5.76E-05,0.0001538,7.89E-05,6.76E-05,0.00016267,5.67E-05,8.84E-05,0.000129994,6.44E-05,7.58E-05
308,1.59E-05,1.06E-05,1.22E-05,1.49E-05,1.26E-05,1.70E-05,2.46E-05,0,1.04E-05,2.05E-05,1.43E-05,4.71E-06,1.70E-05,0,5.88E-06,2.14E-05,1.31E-05,9.82E-06
309,2.68E-06,0,2.97E-06,7.58E-06,0,4.23E-06,3.09E-05,1.96E-05,2.29E-05,2.89E-05,3.10E-05,3.95E-05,1.91E-05,2.57E-05,2.08E-05,1.04E-05,2.04E-05,1.95E-05
310,1.70E-05,1.29E-05,1.71E-05,1.62E-05,1.45E-05,2.17E-05,3.54E-06,0,1.06E-06,0,0,0,4.76E-06,1.18E-06,2.24E-06,0,0,0
311,4.06E-06,1.60E-05,1.19E-05,0,8.18E-06,7.88E-06,0,0,0,0,0,0,0,0,3.72E-05,0,0,0
312,8.96E-06,8.89E-06,8.51E-06,6.26E-06,2.65E-06,5.69E-06,0,0,0,0,0,0,0,0,2.09E-06,0,0,0
313,0,0,0,8.22E-05,7.94E-05,4.44E-05,0,0,0,0,0,0,0,0,0,0,0,0
314,0.00071427,0.000556168,0.000748871,0.000568397,0.000389788,0.000745796,0.000960142,0.000459013,0.000645995,0.00051659,0.000509986,0.000320966,0.000544827,0.000360448,0.000553242,0.000525881,0.000396794,0.000655827
315,8.03E-05,3.48E-05,4.57E-05,4.02E-05,0,7.74E-05,0.000152609,3.46E-05,5.87E-05,0.000107528,5.26E-05,3.68E-05,0.000161751,5.20E-05,1.37E-05,0.000107565,2.63E-05,4.42E-05
316,5.45E-06,1.07E-05,7.50E-06,7.22E-06,0,1.36E-05,1.38E-05,7.16E-06,9.03E-06,5.21E-06,6.68E-06,7.43E-06,6.66E-06,1.17E-05,3.78E-05,7.69E-06,1.06E-05,1.10E-05
317,1.31E-06,1.38E-06,3.57E-06,2.90E-06,5.26E-06,3.46E-06,2.02E-05,1.36E-05,1.24E-05,9.21E-06,8.67E-06,1.05E-05,2.37E-05,1.81E-05,3.07E-05,5.15E-06,2.92E-06,9.34E-06
318,4.48E-05,4.73E-05,3.67E-05,6.20E-05,0,7.06E-05,0,0,0,0,0,0,2.52E-06,0,6.17E-06,0,0,0
319,6.76E-05,0.000111176,8.40E-05,9.20E-05,7.44E-05,0.000173376,5.86E-05,4.25E-05,3.81E-05,1.98E-05,2.75E-05,1.89E-05,3.06E-05,9.81E-06,2.08E-05,1.30E-05,5.00E-05,2.30E-05
320,0.000463949,0.000510455,0.000445574,0.000435537,0.000274682,0.000518945,0.000565481,0.00016644,0.000250556,0.000415016,0.000332827,0.000320894,0.0003162,0.000180471,0.000303571,0.000441102,0.000467648,0.000508483
321,0.000197826,0.000154095,0.000160054,0.000211626,0.000107146,0.000179878,5.88E-05,1.38E-05,1.86E-05,3.45E-05,2.46E-05,1.50E-05,3.33E-05,1.74E-05,1.62E-05,3.54E-05,2.01E-05,3.51E-05
322,6.37E-05,8.59E-05,6.14E-05,6.19E-05,5.24E-05,0.000121625,1.06E-05,2.00E-06,0,2.06E-06,3.02E-06,1.26E-06,3.80E-06,0,2.85E-05,2.82E-06,2.61E-06,0
323,8.65E-05,7.79E-05,8.62E-05,5.66E-05,3.62E-05,4.87E-05,0,0,0,0,0,0,0,0,1.52E-06,0,0,0
324,0.000118388,0.000108224,0.000133911,0.000102708,8.98E-05,0.000120763,8.87E-05,1.88E-05,4.07E-05,6.89E-05,6.02E-05,4.35E-05,7.15E-05,4.38E-05,3.71E-05,6.76E-05,4.93E-05,4.56E-05
325,5.71E-05,3.29E-05,3.37E-05,9.05E-05,4.69E-05,5.57E-05,0.000213081,6.57E-05,4.33E-05,4.59E-05,1.79E-05,1.82E-05,0.000135658,6.21E-05,6.17E-05,4.57E-05,2.61E-05,2.15E-05
326,0.000211937,0.000216573,0.0002401,0.000199101,0.000194695,0.000244485,0.00027095,0.000105082,9.25E-05,0.000210634,0.000113946,0.000132104,0.000175551,9.06E-05,0.000159116,0.00014078,0.000154196,0.000147159
327,0.003560426,0.003873195,0.003482157,0.000431406,0.002309282,0.002752013,0.000553958,0.000261818,0.000237531,0.000347295,0.000307891,0.000237719,0.000522954,0.000192402,0.000345099,0.000343909,0.000335502,0.000420369
328,6.56E-05,6.15E-05,0.000113051,0.00012694,0,6.25E-05,0.00029514,0.00010119,0.000136985,0.000265869,0.00022706,0.000171948,0.000284006,0.00012086,0.00061755,0.000190209,9.89E-05,0.000123693
329,0.00044727,0.000396036,0.000546996,0.000417276,0.000279224,0.000573005,0.000682467,0.000269234,0.000343384,0.000435023,0.000303351,0.00028657,0.00046288,0.000208402,0.000412673,0.000408747,0.000294769,0.000439906
330,0.000319917,0.000164368,0.000389668,0,0.000180872,0.000388223,0.000608117,0.000261058,0.000266883,0.000331168,0.000166413,0.000169786,0.000369435,0.000216752,1.19E-05,0.000461999,0.000200556,0.00023155
331,3.65E-05,1.30E-05,4.05E-05,3.87E-05,0.001234317,3.38E-05,0,4.44E-06,3.85E-06,7.53E-06,0,0,0,0,6.03E-05,2.05E-05,0,2.88E-06
332,1.69E-05,0.000110611,1.57E-05,8.36E-05,1.75E-05,4.32E-05,0,0,0,0,0,0,0,0,2.99E-06,0,0,0
333,2.36E-05,1.72E-05,1.54E-05,2.17E-05,2.09E-05,1.21E-05,2.12E-05,1.08E-05,9.71E-06,1.04E-05,5.12E-06,5.16E-06,1.31E-05,0,1.05E-05,1.60E-05,4.70E-06,1.29E-05
334,0,0,0,0,0,0,0,0,0,0,0,0,0,0,0,0,0,0
335,0.000127738,0.000126233,0.000138012,0.000122078,7.87E-05,0.000154761,0.000191122,7.87E-05,9.82E-05,0.000167287,0.000101774,7.85E-05,0.000160647,9.09E-05,0.000122855,7.56E-06,0.000100485,0.000118397
336,0,0,7.97E-05,0,0,0,0.000104961,0.001482937,9.98E-05,0.001010556,9.55E-05,0.000106909,0.000121882,0.000329555,0,3.29E-05,9.84E-05,0.000202796
337,0.000303452,0.001818853,0.001298559,1.94E-05,0,5.18E-05,0,0,0,0.000712775,0.001061202,0.000689273,7.75E-05,0,8.89E-05,0.000521283,0.001190048,0.00066748
338,0.000239151,0.000202186,0.000167747,0.000216986,0,0.00021778,0.000104434,5.21E-05,0,8.23E-05,5.99E-05,3.89E-05,8.30E-05,4.13E-05,1.89E-06,7.38E-05,6.69E-05,1.94E-05
339,0,0,0,1.12E-06,0,0,1.41E-05,3.66E-06,6.34E-06,9.08E-06,7.41E-06,5.00E-06,5.17E-06,1.96E-06,0,8.35E-06,5.76E-06,8.48E-06
340,5.57E-05,3.06E-05,2.91E-05,4.49E-05,2.92E-05,3.79E-05,4.70E-05,2.52E-05,2.11E-05,5.38E-05,2.82E-05,2.37E-05,3.54E-05,1.95E-05,3.04E-05,3.35E-05,2.29E-05,5.28E-05
341,4.01E-05,3.64E-05,4.43E-05,2.97E-05,3.06E-05,5.17E-05,5.07E-05,2.66E-05,2.56E-05,2.84E-05,2.75E-05,1.92E-05,3.82E-05,1.90E-05,1.04E-05,2.67E-05,2.62E-05,1.87E-05
342,0.001036035,0.00068476,0.000706796,0.000672243,0.00035803,0.000686458,0.000920777,0.000348745,0.00041647,0.000985336,0.000516033,0.000332556,0.000884043,0.00049501,0.000494371,0.000208127,0.000490567,0.000131963
343,0.001299246,0.001292974,0.001483626,0.001043163,0.00098937,0.001737438,0.0002883,6.38E-05,0.000193722,0.000306609,2.21E-05,0.000104218,0.000315512,0.000106721,0.000172599,0.000332109,6.31E-05,0.00018731
344,5.30E-05,5.70E-05,8.63E-05,8.44E-05,4.25E-05,7.32E-05,0.000144784,6.16E-05,7.77E-05,7.86E-05,8.65E-05,7.28E-05,0.000106941,4.11E-05,6.08E-05,5.59E-05,5.78E-05,7.69E-05
345,0.000244689,0.000247016,0.00027708,0.000202182,0.00012326,0.000225044,0.000419806,0.000182038,0.000153543,0.000255275,0.00018293,0.000135462,0.000260637,0.000182896,0.00018213,0.000233623,0.000189875,0.000225685
346,0.001025888,0.000807471,0.000976375,0.000910741,0.00052589,0.001019777,0.001846158,0.000683402,0.000833917,0.000844919,0.000900621,0.000534131,0.001180005,0.000631184,0.001005002,0.00106267,0.000966948,0.000939817
347,1.17E-05,8.72E-06,8.23E-06,8.13E-06,1.52E-06,1.87E-05,2.68E-05,8.63E-06,7.25E-06,1.36E-05,1.29E-05,7.18E-06,1.39E-05,1.34E-06,1.27E-05,1.46E-05,1.38E-05,1.14E-05
348,2.72E-05,2.48E-05,3.84E-05,2.35E-05,3.87E-05,1.79E-05,4.45E-05,4.14E-06,2.51E-06,5.41E-06,3.62E-06,1.43E-05,3.00E-06,3.56E-06,2.34E-06,4.51E-06,4.67E-06,3.72E-06
349,2.71E-06,4.28E-06,4.45E-06,1.57E-06,4.20E-06,5.50E-06,1.19E-05,5.95E-06,5.45E-06,7.00E-06,8.40E-06,4.95E-06,8.22E-06,5.61E-06,5.66E-06,5.08E-06,7.45E-06,4.41E-06
350,0,0,0,0,0,0,8.43E-05,3.94E-05,4.56E-05,4.83E-05,2.86E-05,1.31E-05,3.81E-05,9.27E-06,0,4.50E-05,1.30E-05,5.79E-05
351,3.94E-05,2.93E-05,3.44E-05,4.33E-05,3.75E-05,3.62E-05,7.16E-05,3.63E-05,2.75E-05,4.30E-05,3.27E-05,2.37E-05,4.63E-05,2.72E-05,4.06E-05,3.71E-05,2.99E-05,2.53E-05
352,1.42E-05,2.62E-06,3.74E-06,1.54E-05,3.62E-06,4.37E-06,2.99E-05,7.39E-06,1.11E-05,2.93E-05,9.01E-06,1.98E-05,2.92E-05,7.70E-06,2.15E-05,1.63E-05,3.76E-06,7.21E-06
353,0.000274244,0.00018915,0.000186003,0.000255497,0.000155435,0.000202928,0.000369516,0.000143641,0.000119242,0.000189574,0.000138296,0.000105808,0.000236382,7.75E-05,0.000151118,0.000214586,0.000139629,0.000115572
354,4.06E-05,0.00011742,0.000102053,0,0.000177146,0.000208671,0,0.000119422,9.38E-05,9.09E-05,0.000106347,8.18E-05,7.15E-05,0.000123302,1.26E-06,0.000134508,7.17E-05,0.000139361
355,1.26E-05,1.59E-06,8.44E-07,3.46E-06,3.52E-06,1.04E-05,0,0,0,0,0,0,0,0,2.39E-05,0,0,0
356,0,0,0,0,0,0,9.79E-05,5.64E-05,4.60E-05,6.17E-05,5.53E-05,3.37E-05,6.92E-05,6.10E-06,0,5.76E-05,5.83E-05,5.86E-05
357,1.45E-06,0,0,0,8.88E-06,2.20E-05,3.29E-05,4.93E-05,0.000103358,3.96E-06,5.55E-05,6.21E-05,5.60E-06,6.05E-05,6.21E-05,5.10E-06,6.96E-05,5.39E-05
358,0,0.000265807,0,7.25E-05,0.002316558,2.22E-05,6.24E-05,0.000144469,1.41E-05,6.82E-05,0.000115844,2.07E-05,3.10E-05,9.80E-05,0,8.21E-05,0.000122393,1.39E-05
359,6.13E-05,5.13E-05,0.000118917,0.000266539,1.64E-05,7.89E-05,0.000124926,5.53E-05,3.84E-05,3.49E-05,4.52E-05,2.65E-05,4.04E-05,2.18E-05,2.70E-05,9.21E-05,1.60E-05,4.46E-05
360,0.003601168,0.003911169,0.003833857,0.001513882,0.002665388,0.005125548,0.002124528,0.003624763,0.003317992,0.004228519,0.004357871,0.002865392,0.001638055,0.003285332,0.003176618,0.002864282,0.001270264,0.003291188
361,4.68E-05,1.60E-05,4.08E-05,3.94E-05,1.40E-05,4.32E-05,6.49E-05,5.99E-06,3.07E-05,4.13E-05,0,1.92E-05,4.88E-05,1.08E-05,8.67E-05,4.37E-05,1.21E-05,4.06E-05
362,0,0,0,0,0,0,0,0,0,0,0,0,5.39E-06,2.24E-05,0,0,0,0
363,3.41E-05,2.21E-05,2.97E-05,4.24E-05,3.52E-05,2.97E-05,0.000343591,0.000171231,0.000146406,0.000143814,0.000154996,8.61E-05,0.000402276,0.00027038,0.000357632,9.80E-05,8.16E-05,0.000102326
364,0.000127658,6.92E-05,0.000128435,0.000115586,6.88E-05,9.93E-05,0.000195487,8.00E-05,8.09E-05,0.000140563,9.16E-05,7.94E-05,0.000146056,7.46E-05,0.000124194,0.000132834,9.10E-05,0.000106308
365,5.86E-05,0,3.88E-05,7.40E-05,2.68E-05,0,0.000153502,6.28E-05,9.33E-05,0.000209461,9.31E-05,0.000118357,0.000138098,7.79E-05,1.83E-06,3.88E-05,4.83E-05,6.80E-05
366,0,0,0,0,0,0,0.008918239,0.002678264,0,0.006284899,0.003598618,0.002759662,0.004009359,0.002650246,0,0.004842401,0.003694014,0.004060078
367,2.41E-06,1.65E-06,4.63E-06,7.33E-06,6.74E-06,5.55E-06,0,0,5.11E-07,6.85E-06,1.86E-06,3.90E-06,0,0,2.68E-05,0,0,0
368,0.001558555,0.001758714,0.000566154,0.000746483,0.001802275,0.002030215,0.000353417,0.000593088,0.000107335,0.000751498,0.000422802,0.000177519,0.000188617,0.000442494,6.01E-05,0.000816331,0.000740808,0.000188681
369,0.0003672,0.00030973,0.000236174,0.000218622,0.000146273,0.00032646,1.18E-05,4.44E-05,0,0.000215749,0.000427999,2.12E-05,3.34E-05,1.92E-05,6.17E-06,0.000132407,0.000145978,0
370,0.000114609,5.32E-05,0.000122816,2.67E-05,5.90E-05,0,0,0,0,0,0,0,0,0,2.90E-06,0,0,0
371,2.96E-05,3.62E-05,6.95E-05,3.65E-05,6.35E-05,7.33E-05,5.53E-05,0,6.29E-05,9.36E-05,6.34E-05,6.32E-05,6.77E-05,6.14E-05,7.67E-05,3.92E-05,6.53E-05,5.44E-05
372,3.39E-05,5.02E-05,5.27E-05,3.44E-05,2.41E-05,4.59E-05,2.81E-05,2.71E-05,2.17E-05,2.48E-05,1.94E-05,2.64E-05,2.45E-05,2.41E-05,2.30E-05,1.51E-05,2.35E-05,2.85E-05
373,6.60E-05,0.000134622,0.000137926,0.000135942,0.000102707,0.000160076,0.000195581,0.000116355,0.000103209,0.000147278,0.000134853,0.000113064,0.000142273,0.000101277,0.00013069,0.000126274,0.000120622,0.000140594
374,7.46E-05,7.85E-05,0.000101589,0.000107141,0.000126916,0.000165639,0.00020218,0.00010205,0.000105453,9.09E-05,8.03E-05,6.66E-05,0.000157468,0.000101851,0.00016545,8.23E-05,8.37E-05,5.61E-05
375,1.28E-06,2.56E-06,0,0,0,6.69E-06,0.000156459,0.000101125,4.96E-05,0.00010223,7.76E-05,6.96E-05,0.00011095,8.57E-05,2.84E-05,8.31E-05,5.02E-05,6.08E-05
376,1.40E-05,1.30E-05,1.50E-05,1.34E-05,9.73E-06,1.44E-05,2.12E-05,1.12E-05,4.05E-06,1.63E-05,1.16E-05,1.04E-05,1.57E-05,1.00E-05,7.40E-06,1.23E-05,1.11E-05,1.11E-05
377,9.70E-05,0.000153177,0.000141841,7.97E-05,8.36E-05,5.75E-05,7.27E-05,1.30E-05,0.000121197,7.54E-05,6.95E-05,5.10E-05,4.56E-05,9.89E-05,1.56E-05,4.16E-05,7.87E-05,0.000148628
378,8.43E-05,4.82E-05,4.94E-05,7.20E-05,0,5.37E-05,9.60E-05,2.39E-05,2.45E-05,1.11E-05,1.58E-05,1.99E-05,1.40E-05,0,3.93E-06,4.15E-05,9.86E-06,2.68E-05
379,0,0,0,0,0,0,1.46E-05,5.86E-06,5.78E-06,2.10E-05,1.08E-05,7.59E-06,1.21E-05,1.16E-05,0,1.02E-05,0,7.70E-06
380,7.31E-05,7.10E-05,5.65E-05,6.76E-05,4.39E-05,5.56E-05,0.000117753,6.03E-05,1.68E-05,7.58E-05,0,3.15E-05,8.42E-05,4.48E-05,6.10E-06,6.69E-05,5.93E-05,4.85E-05
381,0.001706604,0.000769461,0.001351376,0.001910597,0.019297061,0.0020209,0.004461109,0.0046953,0.001306366,0.004288796,0.002480975,0.0016418,0.002993449,0,2.05E-06,0.004819085,0.002752731,0.000400761
382,6.44E-05,0.000145378,0.000131136,3.12E-05,0.000128684,0.000148603,0.002033425,0.001585286,0.000950074,0.000153794,0.000219185,0.000158305,0.001547424,0.001310566,0.001399814,0.000208852,0.000211719,0.000108823
383,0,0,0,0,0,0,0.00010114,7.54E-05,1.78E-05,2.86E-05,4.59E-05,2.00E-05,5.65E-05,3.23E-05,0,2.20E-05,0.000100921,3.86E-05
384,0,0,0,0,0,0,0.00010114,7.54E-05,1.78E-05,2.86E-05,4.59E-05,2.00E-05,5.65E-05,3.23E-05,0,2.20E-05,0.000100921,3.86E-05
385,9.75E-06,7.63E-06,6.39E-06,8.66E-06,0.009454836,1.49E-06,6.05E-05,4.24E-05,0.000139329,2.91E-05,1.77E-05,1.02E-05,5.18E-05,3.16E-05,6.44E-05,9.74E-06,1.53E-05,1.02E-05
386,0.000218761,0.000177704,0.000245096,0.000236032,0.000145718,0.000230534,0.000293923,0.000126958,0.000144877,0.000170788,0.000137338,0.00012389,0.000195815,8.33E-05,8.46E-05,0.00014597,0.000133675,0.000174986
387,1.28E-06,2.56E-06,0,0,0,6.69E-06,0.000156459,0.000101125,4.96E-05,0.00010223,7.76E-05,6.96E-05,0.00011095,8.57E-05,2.84E-05,8.31E-05,5.02E-05,6.08E-05
388,0,0,0,0,0,0,2.61E-05,3.63E-05,5.71E-06,2.66E-05,1.76E-05,1.07E-05,2.47E-05,1.01E-05,0,4.36E-06,4.44E-06,5.14E-06
389,0,0,0,0,0,0,0.000144095,0.000258989,0.000347558,4.92E-05,0.000241251,0.000373676,0.000150456,0.000299762,0,4.11E-05,0.000171317,0.000300746
390,0,0,0,0,0,0,2.70E-05,1.41E-05,0,1.34E-05,1.29E-05,1.08E-05,1.87E-05,7.83E-06,0,1.55E-05,1.01E-05,0
391,0.000108874,0.000485386,0.002216444,0.000171626,0.000144575,0.00018259,0.000846956,0.012144419,0.000710906,0.010440635,0.000533913,0.000605184,0.003169487,0.00205066,0.000513897,0.006481196,0.000574481,0.00053375
392,0.000265085,0.000860704,0.001020805,0.001226259,0.000517439,0.000770709,0.000124075,5.14E-05,3.84E-05,7.86E-05,9.10E-05,5.81E-05,1.92E-05,1.87E-05,1.72E-05,8.66E-05,0.000106371,4.14E-05
393,3.50E-05,3.30E-05,2.77E-05,2.66E-05,1.96E-05,3.59E-05,5.13E-05,1.41E-05,2.04E-05,3.49E-05,2.41E-05,1.73E-05,3.23E-05,1.96E-05,2.86E-05,3.55E-05,2.07E-05,1.87E-05
394,0,0,0,0,0,0,0.000953652,0.000571658,0.000308855,0.000495966,0.000481198,0.000233985,0.000691325,0.000438241,0,0.000529565,0.00038514,0.000248511
395,0.000218761,0.000177704,0.000245096,0.000236032,0.000145718,0.000230534,0.000293923,0.000126958,0.000144877,0.000170788,0.000137338,0.00012389,0.000195815,8.33E-05,8.46E-05,0.00014597,0.000133675,0.000174986
396,1.57E-06,7.44E-06,4.26E-06,0,8.44E-06,0.000128507,0,4.98E-06,7.88E-07,1.96E-06,2.67E-06,6.66E-07,0,6.69E-06,2.36E-06,1.79E-06,2.28E-06,1.21E-06
397,4.45E-06,2.85E-05,3.45E-05,3.57E-05,1.14E-05,3.62E-05,8.13E-05,1.67E-05,2.84E-05,4.89E-05,2.73E-05,2.51E-05,5.51E-05,2.81E-05,3.70E-05,3.86E-05,9.19E-06,2.83E-05
398,7.13E-05,5.81E-05,6.30E-05,5.83E-05,4.90E-05,6.58E-05,8.73E-05,3.17E-05,3.53E-05,5.60E-05,3.02E-05,2.56E-05,5.77E-05,2.93E-05,3.90E-05,4.79E-05,3.58E-05,4.75E-05
399,1.75E-05,1.46E-05,1.77E-05,2.19E-05,1.39E-05,1.67E-05,0,2.13E-06,2.02E-06,1.69E-06,2.16E-06,1.74E-06,2.05E-06,0,3.95E-05,2.18E-06,1.93E-06,0
400,0.000548771,0.000166187,0.000334695,9.90E-05,0.000323081,0.000541583,0.000360367,0.007066993,0.000305303,0.003543376,0.000342373,0.000202106,0,0.014318812,1.70E-05,0.001995037,0,0.000494866
401,5.30E-05,5.91E-05,0.000144384,4.66E-05,5.29E-05,0.000133031,0,0,0,0,0,0,0,0,2.85E-05,0,0,0
402,2.32E-05,6.30E-06,1.72E-05,1.83E-05,0,3.23E-05,0.000209318,5.06E-05,9.27E-05,9.06E-05,4.57E-05,5.95E-05,0.000130876,4.20E-05,1.83E-06,9.17E-05,3.00E-05,8.37E-05
403,0.000152366,0.000153689,0.000165746,0.000141334,0.000115822,0.000154084,0.00023604,0.000112146,9.43E-05,0.000165376,0.000136605,8.64E-05,0.00017369,9.44E-05,0.000116877,0.0001555,0.000119481,0.000118478
404,0.000127594,0.0001292,0.000127175,0.00010634,0.000107213,0.000133393,0.000184289,9.38E-05,8.23E-05,0.000106214,9.21E-05,6.69E-05,0.000119748,7.46E-05,9.11E-05,0.000119102,0.000100636,8.85E-05
405,0,0.001862013,0,0,0.001525024,0.002853257,0.000864742,0.001689168,0.000709057,0.002289073,0.001584482,0.000750205,0,0.000597433,0,0.0022977,0.00076469,0.001928261
406,1.38E-05,3.24E-05,4.34E-05,3.67E-05,1.67E-05,7.31E-05,2.90E-05,2.81E-05,2.74E-05,2.17E-05,3.42E-05,3.22E-05,2.33E-05,6.18E-05,3.85E-05,1.87E-05,2.14E-05,3.33E-05
407,0.000168331,0.00014477,0.000126357,0.000151929,0.000101657,0.000154778,0.000242296,0.000122695,0.000109077,0.000175205,0.000153486,9.77E-05,0.000185567,6.34E-05,0.00010208,0.000177486,9.35E-05,0.000167494
408,0.002086475,0.002529801,0.001975764,0.001553472,0.001697473,0.00214778,0.002963633,0.002482002,0.001499817,0.002320834,0.002460283,0.001195299,0.002108549,0.001867988,0.00146929,0.000359832,0.002322318,0.001966507
409,0,0,0,0,0,0,9.65E-05,4.04E-05,5.67E-05,4.41E-05,4.67E-05,4.88E-05,4.49E-05,3.78E-05,0,4.36E-05,4.69E-05,6.86E-05
410,2.73E-06,2.11E-06,2.74E-06,5.12E-06,0,3.09E-06,2.17E-05,9.63E-06,1.47E-05,9.66E-06,5.54E-06,1.08E-05,4.62E-05,2.48E-05,4.82E-06,8.09E-06,2.79E-06,4.13E-06
411,0.000323566,0.000289963,0.00048249,0.000477471,0.000155409,0.000357234,0.000537466,0.000179399,0.000258198,0.000323733,0.000258583,0.000195651,0.000353967,0.00017188,0.000259968,0.000314837,0.000231044,0.000295628
412,0.002011117,0.002051097,0.002600712,0.001895919,0.001748758,0.002204271,0.000102765,5.15E-05,6.48E-05,7.83E-05,6.20E-05,4.71E-05,0.000243966,7.80E-05,6.85E-05,7.69E-05,5.03E-05,0.000127578
413,2.31E-05,2.41E-05,1.88E-05,0,0,2.29E-05,0,0,0,0,0,0,0,0,2.73E-05,0,0,0
414,0,0,2.39E-05,4.84E-06,0,0,2.21E-05,1.55E-05,1.06E-05,1.81E-05,3.74E-05,1.78E-05,1.11E-05,9.31E-06,0,1.55E-05,9.63E-05,1.37E-05
415,1.98E-05,6.68E-05,0.000120536,5.30E-05,6.17E-05,0.000111605,0.000100521,3.93E-05,7.99E-05,8.88E-05,2.78E-05,5.28E-05,7.34E-05,5.10E-05,0.0001094,5.68E-05,4.39E-05,0.000104534
416,9.07E-05,0.000182925,0.000223818,0.000135542,0.000145127,0.000254647,0.00078239,0.000425915,0.000830396,0.000356585,0.000684692,0.000744378,0.000510463,0.000422075,0.000944441,0.000308983,0.000537386,0.000652144
417,7.13E-05,5.81E-05,6.30E-05,5.83E-05,4.90E-05,6.58E-05,8.73E-05,3.17E-05,3.53E-05,5.60E-05,3.02E-05,2.56E-05,5.77E-05,2.93E-05,3.90E-05,4.79E-05,3.58E-05,4.75E-05
418,6.07E-05,6.08E-05,6.38E-05,7.52E-05,5.17E-05,5.75E-05,0.000183344,7.42E-05,8.25E-05,0.000151071,0.000114682,8.09E-05,0.000134245,6.07E-05,0.000103123,0.000119295,8.27E-05,0.000112578
419,1.01E-06,1.02E-06,2.03E-06,0,0,2.42E-06,5.97E-06,5.37E-06,3.29E-06,1.54E-06,2.89E-06,2.70E-06,3.35E-06,2.57E-06,0.01453116,1.08E-06,3.67E-06,5.31E-06
420,0.000396089,0.000150916,0.000396671,0.000251894,0.000151545,0.000319284,0,6.06E-05,0.000122908,0.000173523,4.92E-05,0,0.000231493,0,3.41E-05,0.000172869,5.23E-05,0
421,0.000159374,6.01E-05,5.68E-05,3.61E-05,4.27E-05,6.14E-05,0,0,0,0,0,0,0,0,6.86E-06,0,0,0
422,3.91E-06,1.22E-05,1.20E-05,3.90E-06,2.07E-06,1.43E-05,4.46E-06,2.65E-06,1.90E-06,1.93E-05,2.63E-06,1.93E-06,1.11E-05,0,1.09E-05,1.65E-05,1.11E-06,2.04E-06
423,6.59E-05,2.72E-05,5.12E-05,3.27E-05,5.75E-06,3.27E-05,0.0003906,8.42E-05,0.000107594,0.000205403,8.49E-05,5.42E-05,0.000190863,8.57E-05,0.000184065,0.000250292,0.000111678,0.000170572
424,0.000342311,0.000404066,0,0.00013034,0,0.000323244,0.000164592,0.000827584,0.000131262,0.000126314,0.000295735,0.000118397,0.000152219,7.78E-05,2.29E-05,0.000173891,7.48E-05,0.000210089
425,0,0,0,0,0,0,0.000160657,2.96E-05,9.12E-05,8.36E-06,0.00010245,7.23E-05,8.07E-05,6.25E-05,0,9.54E-06,0.000101324,0.000125365
426,0,0,0,0,0,0,1.18E-05,5.54E-06,8.68E-06,2.04E-06,1.13E-05,2.67E-06,4.14E-06,6.92E-06,0,1.85E-06,8.20E-06,4.67E-06
427,6.37E-06,2.04E-06,2.28E-06,6.47E-06,0,2.26E-06,1.35E-05,2.11E-06,3.17E-06,6.22E-06,1.65E-06,1.33E-06,7.87E-06,1.36E-06,2.43E-05,9.27E-06,2.21E-06,1.52E-06
428,1.04E-05,8.62E-06,4.81E-06,1.11E-05,1.00E-05,7.05E-06,1.98E-05,1.09E-05,6.70E-06,8.47E-06,7.65E-06,2.55E-06,1.51E-05,9.15E-06,8.28E-06,9.44E-06,6.63E-06,5.91E-06
429,0.000728867,0.001941954,0.001689634,0.000388802,0.000853107,0.000591171,0.000627764,0.000694545,0.000453565,0.000173527,5.55E-05,9.72E-05,0.001101102,0.000478404,0.000249079,0.000250959,0.001634299,0.001721352
430,0.000103594,0.000100977,0.000143836,8.87E-05,5.24E-05,0.000121206,0.000141996,4.74E-05,2.96E-05,9.79E-05,8.13E-05,6.79E-05,9.04E-05,3.23E-05,9.61E-05,9.21E-05,6.09E-05,9.78E-05
431,0.000157019,0.000183371,0.000209927,0.000157305,0.000158583,0.000209269,0.000221023,0.000119192,7.87E-05,9.76E-05,0.000130083,7.78E-05,6.63E-05,7.84E-05,6.47E-05,0.000139201,0.000193215,8.59E-05
432,8.98E-06,0,0,0,0,0,2.60E-05,8.64E-06,1.52E-05,1.70E-05,1.07E-05,1.24E-05,1.29E-05,6.71E-06,2.87E-05,1.51E-05,9.15E-06,1.78E-05
433,1.29E-05,3.86E-05,9.10E-06,1.02E-05,5.05E-06,3.56E-05,4.32E-05,7.88E-06,3.20E-05,2.20E-05,2.67E-05,1.73E-05,9.16E-06,1.84E-05,2.68E-05,2.20E-05,1.43E-05,7.18E-06
434,6.81E-05,5.93E-05,8.12E-05,5.87E-05,4.16E-05,7.03E-05,0.000117019,6.07E-05,6.60E-05,7.46E-05,5.93E-05,5.30E-05,6.88E-05,5.32E-05,6.99E-05,7.57E-05,5.78E-05,8.48E-05
435,0.000376545,0.000299388,0.000302239,0.00029619,0.000291699,0.000401712,0.000590537,0.000249712,0.000234586,0.000427151,0.000229591,0.000223976,0.000444709,0.000184559,0.000255092,0.000378758,0.000276539,0.000276392
436,8.46E-06,4.48E-06,5.80E-06,4.67E-06,0,1.04E-05,9.98E-06,2.49E-06,7.74E-06,6.61E-06,2.98E-06,4.24E-06,1.07E-05,4.44E-06,9.86E-05,9.17E-06,3.81E-06,8.06E-06
437,2.66E-05,3.40E-05,5.00E-05,2.36E-05,2.41E-05,5.46E-05,3.56E-05,2.32E-05,3.30E-05,2.25E-05,2.62E-05,3.00E-05,2.75E-05,2.21E-05,4.75E-05,2.08E-05,2.29E-05,3.95E-05
438,0.002305913,0.005421242,0.005085044,0.001746943,0.006607606,0.005370377,0,0.004890224,0.003680878,0.002798278,0.007428733,0.00323942,0.002193864,0.001303179,6.20E-06,0.002061115,0.006534688,0.005621513
439,0.000121631,6.76E-05,6.23E-05,0.000123284,9.51E-05,0.000144671,0.000130862,5.41E-05,3.10E-05,6.67E-05,4.86E-05,2.53E-05,8.76E-05,3.96E-05,3.67E-05,7.97E-05,4.76E-05,4.77E-05
440,0,0,0,0,0,0,0,0,0,0,0,0,0,0,0,0,0,0
441,7.40E-06,6.27E-06,6.76E-06,7.65E-06,4.42E-06,5.27E-06,1.30E-05,5.37E-06,4.78E-06,5.48E-06,6.26E-06,4.30E-06,4.24E-06,4.69E-06,6.69E-06,8.09E-06,5.57E-06,5.92E-06
442,1.42E-05,2.62E-06,3.74E-06,1.54E-05,3.62E-06,4.37E-06,2.99E-05,7.39E-06,1.11E-05,2.93E-05,9.01E-06,1.98E-05,2.92E-05,7.70E-06,2.15E-05,1.63E-05,3.76E-06,7.21E-06
443,0,7.20E-07,0,1.05E-06,0,1.13E-06,1.68E-05,6.21E-06,3.98E-06,1.70E-06,4.76E-06,0,1.10E-05,1.61E-06,0,0,0,0
444,3.38E-05,3.16E-05,3.26E-05,2.92E-05,2.66E-05,4.28E-05,7.26E-05,4.18E-05,4.32E-05,4.41E-05,4.76E-05,3.51E-05,4.60E-05,3.74E-05,5.58E-05,4.60E-05,4.03E-05,4.83E-05
445,0.001271278,0.001800594,0.001393818,0.00131502,0.001317006,0.001648403,0.004835356,0.002593728,0.002882844,0.003138386,0.003405502,0.002343428,0.003612126,0.001925571,0.003717235,0.002290027,0.002866009,0.004160537
446,4.50E-05,4.94E-05,5.19E-05,4.14E-05,3.36E-05,5.56E-05,6.45E-05,3.64E-05,3.19E-05,3.93E-05,3.98E-05,2.45E-05,3.91E-05,2.98E-05,2.83E-05,3.88E-05,3.42E-05,3.76E-05
447,0.000290882,0.000271599,0.000230405,0.000285731,0.000164934,0.000230091,0.001198918,0.000370764,0.00052806,0.00073021,0.000648439,0.000468646,0.000661773,0.00059777,0.000580184,0.000792207,0.000572659,0.000680582
448,2.29E-05,2.08E-05,3.67E-05,1.40E-05,1.11E-05,3.99E-05,6.38E-05,2.43E-05,3.51E-05,3.12E-05,3.10E-05,2.62E-05,3.94E-05,2.79E-05,4.83E-05,3.40E-05,3.94E-05,4.95E-05
449,5.73E-06,2.24E-06,3.31E-06,1.82E-05,1.84E-05,2.16E-05,3.69E-05,1.92E-05,1.55E-05,2.82E-06,2.36E-06,1.11E-06,2.52E-05,1.64E-05,2.22E-05,4.35E-06,1.21E-06,1.71E-06
450,7.48E-06,7.10E-06,1.09E-05,6.82E-06,4.93E-06,6.03E-06,1.65E-05,0,6.72E-06,1.07E-05,5.65E-06,4.78E-06,1.02E-05,0,2.04E-06,6.14E-06,5.21E-06,7.33E-06
451,0,0,0,0,0,0,0,0,0,0,0,0,0,0,0,0,0,0
452,0.000220005,0.00019146,0.000702244,0.000254407,0.000155102,0.000412074,0.000937987,0.010697139,0.000473218,0.006474249,0.000499114,0.000555854,0.002563177,0.004207444,0.000259198,0.005403736,0.000659134,0.000534669
453,0.000886412,0.001077074,0.001447265,0.001103745,0,0.001721557,0.003243864,0.00127254,0.00145932,0.002032472,0.001875304,0.001104751,0.001640154,0.001299764,2.04E-06,0.001994907,0.001657833,0.001953586
